Workbook
Name Автомобильная_техника: #REF!
Name Боевые_машины: #REF!
Name бп: Таблица9[Столбец1]
Name БПЛА: #REF!
Name Бронеавтомобили_и_MRAP: #REF!
Name Буксируемая_артиллерия: #REF!
Name дроны: Таблица2[Столбец1]
Name Инженерная_техника: #REF!
Name Инженерные_сооружения: #REF!
Name Личный_состав: '[1]Справочная информация'!$C$2:$C$3
Name Надводные_суда: #REF!
Name Общий___Центр: #REF!
Name Переносные_ударные_системы: #REF!
Name подразделения: Таблица1[Столбец1]
Name расчет: Таблица3[Столбец1]
Name расчеты: 'Нетрогать '!$A$5:$A$59
Name Самоходная_артиллерия: #REF!
Name Системы_залпового_огня: #REF!
Name Системы_ПВО: #REF!
Name Системы_связи: #REF!
Name Танк: #REF!
Name Танки: #REF!
Name уточнение: #REF!
Name характер: Таблица4[Столбец1]
Name цель: #REF!
Name Автомобильная_техника: #REF!
Name Боевые_машины: #REF!
Name бп: 'C:\Users\rvolo\OneDrive\Рабочий стол\Работа с ИБД\ИД отряда (Ю) от 25.05.25.xlsx'!Таблица9[Столбец1]
Name БПЛА: #REF!
Name Бронеавтомобили_и_MRAP: #REF!
Name Буксируемая_артиллерия: #REF!
Name дроны: 'C:\Users\rvolo\OneDrive\Рабочий стол\Работа с ИБД\ИД отряда (Ю) от 25.05.25.xlsx'!Таблица2[Столбец1]
Name Инженерная_техника: #REF!
Name Инженерные_сооружения: #REF!
Name Надводные_суда: #REF!
Name Общий___Центр: #REF!
Name Переносные_ударные_системы: #REF!
Name подразделения: 'C:\Users\rvolo\OneDrive\Рабочий стол\Работа с ИБД\ИД отряда (Ю) от 25.05.25.xlsx'!Таблица1[Столбец1]
Name расчет: 'C:\Users\rvolo\OneDrive\Рабочий стол\Работа с ИБД\ИД отряда (Ю) от 25.05.25.xlsx'!Таблица3[Столбец1]
Name Самоходная_артиллерия: #REF!
Name Системы_залпового_огня: #REF!
Name Системы_ПВО: #REF!
Name Системы_связи: #REF!
Name Танк: #REF!
Name Танки: #REF!
Name уточнение: #REF!
Name характер: 'C:\Users\rvolo\OneDrive\Рабочий стол\Работа с ИБД\ИД отряда (Ю) от 25.05.25.xlsx'!Таблица4[Столбец1]
Name цель: 'C:\Users\rvolo\OneDrive\Рабочий стол\Работа с ИБД\ИД отряда (Ю) от 25.05.25.xlsx'!Таблица5[Столбец1]
Name Автомобильная_техника: 'Справочная информация'!#REF!
Name Боевые_машины: 'Справочная информация'!#REF!
Name бп: 'C:\Users\Ноктбук №3\Desktop\образцы по отрядно\ИД отряда (Ц) от 00.00.25.xlsx'!Таблица9[Столбец1]
Name БПЛА: 'Справочная информация'!#REF!
Name Бронеавтомобили_и_MRAP: 'Справочная информация'!#REF!
Name Буксируемая_артиллерия: 'Справочная информация'!#REF!
Name дроны: 'C:\Users\Ноктбук №3\Desktop\образцы по отрядно\ИД отряда (Ц) от 00.00.25.xlsx'!Таблица2[Столбец1]
Name Инженерная_техника: 'Справочная информация'!#REF!
Name Инженерные_сооружения: 'Справочная информация'!#REF!
Name Личный_состав: 'Справочная информация'!#REF!
Name Надводные_суда: 'Справочная информация'!#REF!
Name Переносные_ударные_системы: 'Справочная информация'!#REF!

Sheet главная
A1: Итоговое донесение
A2: о результатах огневого поражения противника
A3: на Красноармейском тактическом направлении отряда
A4: "Рубикон-8" в период с 08:00 | E4: 03.09 | F4: по 08.00 | G4: 04.09.2025г.
B5: 1.Расчеты, задействованные в боевой работе:
B6: FPV К.Т. - | D6: 14 расчетов | F6: Zala- | H6: 2 расчета
B7: FPV С.Т. - | D7: 6 расчетов | F7: Lancet- | H7: 2 расчета
B8: Supercam- | D8: 2 расчета | F8: Черный глаз- | H8: 4 расчета
B9: Скальпель- | D9: 0 расчетов | F9: ПВО БЯ | H9: 2 расчета
B10: Орлан-10 | D10: 0 расчетов
B11: 2. Результаты боевого применения:
E12: FPV К.Т. | G12: FPV C.Т. | I12: Итого
A13: танк | E13: {=SUMPRODUCT(('8 (Отряд)'!$C$1:$C$1812="танк")*((ISNUMBER(SEARCH("КВН",'8 (Отряд)'!$H$1:$H$1812))+ISNUMBER(SEARCH("КВН-Т",'8 (Отряд)'!$H$1:$H$1812))+ISNUMBER(SEARCH("ПВХ-1",'8 (Отряд)'!$H$1:$H$1812))+ISNUMBER(SEARCH("ПВХ-1Т",'8 (Отряд)'!$H$1:$H$1812))+ISNUMBER(SEARCH("ПВХ-3",'8 (Отряд)'!$H$1:$H$1812))+ISNUMBER(SEARCH("ПВХ-3Т",'8 (Отряд)'!$H$1:$H$1812))+ISNUMBER(SEARCH("Бумеранг-10 (День)",'8 (Отряд)'!$H$1:$H$1812))+ISNUMBER(SEARCH("Бумеранг-10 (Ночь)",'8 (Отряд)'!$H$1:$H$1812))+ISNUMBER(SEARCH("ПВХ-5",'8 (Отряд)'!$H$1:$H$1812))+ISNUMBER(SEARCH("ПВХ-5Т",'8 (Отряд)'!$H$1:$H$1812)))>0)*('8 (Отряд)'!$M$1:$M$1812="уничтожение")*('8 (Отряд)'!$N$1:$N$1812="уничтожено"))} -> 0 | G13: {=SUMPRODUCT(('8 (Отряд)'!C1:C1812="танк")*((ISNUMBER(SEARCH("Молния-2",'8 (Отряд)'!H1:H1812))+ISNUMBER(SEARCH("Молния-2ДТ",'8 (Отряд)'!H1:H1812))+ISNUMBER(SEARCH("Утка Д",'8 (Отряд)'!H1:H1812))+ISNUMBER(SEARCH("Утка Н",'8 (Отряд)'!H1:H1812))+ISNUMBER(SEARCH("Ш-10",'8 (Отряд)'!H1:H1812))+ISNUMBER(SEARCH("Х-51",'8 (Отряд)'!H1:H1812))+ISNUMBER(SEARCH("Х-52",'8 (Отряд)'!H1:H1812))+ISNUMBER(SEARCH("Скальпель",'8 (Отряд)'!H1:H1812)))>0)*('8 (Отряд)'!M1:M1812="уничтожение")*('8 (Отряд)'!N1:N1812="уничтожено"))} -> 0 | I13: =E13+G13 -> 0
A14: самоходное артиллерийское орудие | E14: {=SUMPRODUCT(('8 (Отряд)'!$C$1:$C$1812=A14)*((ISNUMBER(SEARCH("КВН",'8 (Отряд)'!$H$1:$H$1812))+ISNUMBER(SEARCH("КВН-Т",'8 (Отряд)'!$H$1:$H$1812))+ISNUMBER(SEARCH("ПВХ-1",'8 (Отряд)'!$H$1:$H$1812))+ISNUMBER(SEARCH("ПВХ-1Т",'8 (Отряд)'!$H$1:$H$1812))+ISNUMBER(SEARCH("ПВХ-3",'8 (Отряд)'!$H$1:$H$1812))+ISNUMBER(SEARCH("ПВХ-3Т",'8 (Отряд)'!$H$1:$H$1812))+ISNUMBER(SEARCH("Бумеранг-10 (День)",'8 (Отряд)'!$H$1:$H$1812))+ISNUMBER(SEARCH("Бумеранг-10 (Ночь)",'8 (Отряд)'!$H$1:$H$1812))+ISNUMBER(SEARCH("ПВХ-5",'8 (Отряд)'!$H$1:$H$1812))+ISNUMBER(SEARCH("ПВХ-5Т",'8 (Отряд)'!$H$1:$H$1812)))>0)*('8 (Отряд)'!$M$1:$M$1812="уничтожение")*('8 (Отряд)'!$N$1:$N$1812="уничтожено"))} -> 0 | G14: {=SUMPRODUCT(('8 (Отряд)'!C1:C1812="самоходное артиллерийское орудие")*((ISNUMBER(SEARCH("Молния-2",'8 (Отряд)'!H1:H1812))+ISNUMBER(SEARCH("Молния-2ДТ",'8 (Отряд)'!H1:H1812))+ISNUMBER(SEARCH("Утка Д",'8 (Отряд)'!H1:H1812))+ISNUMBER(SEARCH("Утка Н",'8 (Отряд)'!H1:H1812))+ISNUMBER(SEARCH("Ш-10",'8 (Отряд)'!H1:H1812))+ISNUMBER(SEARCH("Х-51",'8 (Отряд)'!H1:H1812))+ISNUMBER(SEARCH("Х-52",'8 (Отряд)'!H1:H1812))+ISNUMBER(SEARCH("Скальпель",'8 (Отряд)'!H1:H1812)))>0)*('8 (Отряд)'!M1:M1812="уничтожение")*('8 (Отряд)'!N1:N1812="уничтожено"))} -> 0 | I14: =G14+E14 -> 0
A15: буксируемое артиллерийское орудие | E15: {=SUMPRODUCT(('8 (Отряд)'!$C$1:$C$1812=A15)*((ISNUMBER(SEARCH("КВН",'8 (Отряд)'!$H$1:$H$1812))+ISNUMBER(SEARCH("КВН-Т",'8 (Отряд)'!$H$1:$H$1812))+ISNUMBER(SEARCH("ПВХ-1",'8 (Отряд)'!$H$1:$H$1812))+ISNUMBER(SEARCH("ПВХ-1Т",'8 (Отряд)'!$H$1:$H$1812))+ISNUMBER(SEARCH("ПВХ-3",'8 (Отряд)'!$H$1:$H$1812))+ISNUMBER(SEARCH("ПВХ-3Т",'8 (Отряд)'!$H$1:$H$1812))+ISNUMBER(SEARCH("Бумеранг-10 (День)",'8 (Отряд)'!$H$1:$H$1812))+ISNUMBER(SEARCH("Бумеранг-10 (Ночь)",'8 (Отряд)'!$H$1:$H$1812))+ISNUMBER(SEARCH("ПВХ-5",'8 (Отряд)'!$H$1:$H$1812))+ISNUMBER(SEARCH("ПВХ-5Т",'8 (Отряд)'!$H$1:$H$1812)))>0)*('8 (Отряд)'!$M$1:$M$1812="уничтожение")*('8 (Отряд)'!$N$1:$N$1812="уничтожено"))} -> 0 | G15: {=SUMPRODUCT(('8 (Отряд)'!C1:C1812="буксируемое артиллерийское орудие")*((ISNUMBER(SEARCH("Молния-2",'8 (Отряд)'!H1:H1812))+ISNUMBER(SEARCH("Молния-2ДТ",'8 (Отряд)'!H1:H1812))+ISNUMBER(SEARCH("Утка Д",'8 (Отряд)'!H1:H1812))+ISNUMBER(SEARCH("Утка Н",'8 (Отряд)'!H1:H1812))+ISNUMBER(SEARCH("Ш-10",'8 (Отряд)'!H1:H1812))+ISNUMBER(SEARCH("Х-51",'8 (Отряд)'!H1:H1812))+ISNUMBER(SEARCH("Х-52",'8 (Отряд)'!H1:H1812))+ISNUMBER(SEARCH("Скальпель",'8 (Отряд)'!H1:H1812)))>0)*('8 (Отряд)'!M1:M1812="уничтожение")*('8 (Отряд)'!N1:N1812="уничтожено"))} -> 0 | I15: =G15+E15 -> 0
A16: РСЗО | E16: {=SUMPRODUCT(('8 (Отряд)'!$C$1:$C$1812=A16)*((ISNUMBER(SEARCH("КВН",'8 (Отряд)'!$H$1:$H$1812))+ISNUMBER(SEARCH("КВН-Т",'8 (Отряд)'!$H$1:$H$1812))+ISNUMBER(SEARCH("ПВХ-1",'8 (Отряд)'!$H$1:$H$1812))+ISNUMBER(SEARCH("ПВХ-1Т",'8 (Отряд)'!$H$1:$H$1812))+ISNUMBER(SEARCH("ПВХ-3",'8 (Отряд)'!$H$1:$H$1812))+ISNUMBER(SEARCH("ПВХ-3Т",'8 (Отряд)'!$H$1:$H$1812))+ISNUMBER(SEARCH("Бумеранг-10 (День)",'8 (Отряд)'!$H$1:$H$1812))+ISNUMBER(SEARCH("Бумеранг-10 (Ночь)",'8 (Отряд)'!$H$1:$H$1812))+ISNUMBER(SEARCH("ПВХ-5",'8 (Отряд)'!$H$1:$H$1812))+ISNUMBER(SEARCH("ПВХ-5Т",'8 (Отряд)'!$H$1:$H$1812)))>0)*('8 (Отряд)'!$M$1:$M$1812="уничтожение")*('8 (Отряд)'!$N$1:$N$1812="уничтожено"))} -> 0 | G16: {=SUMPRODUCT(('8 (Отряд)'!C1:C1812="РСЗО")*((ISNUMBER(SEARCH("Молния-2",'8 (Отряд)'!H1:H1812))+ISNUMBER(SEARCH("Молния-2ДТ",'8 (Отряд)'!H1:H1812))+ISNUMBER(SEARCH("Утка Д",'8 (Отряд)'!H1:H1812))+ISNUMBER(SEARCH("Утка Н",'8 (Отряд)'!H1:H1812))+ISNUMBER(SEARCH("Ш-10",'8 (Отряд)'!H1:H1812))+ISNUMBER(SEARCH("Х-51",'8 (Отряд)'!H1:H1812))+ISNUMBER(SEARCH("Х-52",'8 (Отряд)'!H1:H1812))+ISNUMBER(SEARCH("Скальпель",'8 (Отряд)'!H1:H1812)))>0)*('8 (Отряд)'!M1:M1812="уничтожение")*('8 (Отряд)'!N1:N1812="уничтожено"))} -> 0 | I16: =G16+E16 -> 0
A17: миномет | E17: {=SUMPRODUCT(('8 (Отряд)'!$C$1:$C$1812=A17)*((ISNUMBER(SEARCH("КВН",'8 (Отряд)'!$H$1:$H$1812))+ISNUMBER(SEARCH("КВН-Т",'8 (Отряд)'!$H$1:$H$1812))+ISNUMBER(SEARCH("ПВХ-1",'8 (Отряд)'!$H$1:$H$1812))+ISNUMBER(SEARCH("ПВХ-1Т",'8 (Отряд)'!$H$1:$H$1812))+ISNUMBER(SEARCH("ПВХ-3",'8 (Отряд)'!$H$1:$H$1812))+ISNUMBER(SEARCH("ПВХ-3Т",'8 (Отряд)'!$H$1:$H$1812))+ISNUMBER(SEARCH("Бумеранг-10 (День)",'8 (Отряд)'!$H$1:$H$1812))+ISNUMBER(SEARCH("Бумеранг-10 (Ночь)",'8 (Отряд)'!$H$1:$H$1812))+ISNUMBER(SEARCH("ПВХ-5",'8 (Отряд)'!$H$1:$H$1812))+ISNUMBER(SEARCH("ПВХ-5Т",'8 (Отряд)'!$H$1:$H$1812)))>0)*('8 (Отряд)'!$M$1:$M$1812="уничтожение")*('8 (Отряд)'!$N$1:$N$1812="уничтожено"))} -> 0 | G17: {=SUMPRODUCT(('8 (Отряд)'!C1:C1812="миномет")*((ISNUMBER(SEARCH("Молния-2",'8 (Отряд)'!H1:H1812))+ISNUMBER(SEARCH("Молния-2ДТ",'8 (Отряд)'!H1:H1812))+ISNUMBER(SEARCH("Утка Д",'8 (Отряд)'!H1:H1812))+ISNUMBER(SEARCH("Утка Н",'8 (Отряд)'!H1:H1812))+ISNUMBER(SEARCH("Ш-10",'8 (Отряд)'!H1:H1812))+ISNUMBER(SEARCH("Х-51",'8 (Отряд)'!H1:H1812))+ISNUMBER(SEARCH("Х-52",'8 (Отряд)'!H1:H1812))+ISNUMBER(SEARCH("Скальпель",'8 (Отряд)'!H1:H1812)))>0)*('8 (Отряд)'!M1:M1812="уничтожение")*('8 (Отряд)'!N1:N1812="уничтожено"))} -> 0 | I17: =G17+E17 -> 0
A18: ПТРК | E18: {=SUMPRODUCT(('8 (Отряд)'!$C$1:$C$1812=A18)*((ISNUMBER(SEARCH("КВН",'8 (Отряд)'!$H$1:$H$1812))+ISNUMBER(SEARCH("КВН-Т",'8 (Отряд)'!$H$1:$H$1812))+ISNUMBER(SEARCH("ПВХ-1",'8 (Отряд)'!$H$1:$H$1812))+ISNUMBER(SEARCH("ПВХ-1Т",'8 (Отряд)'!$H$1:$H$1812))+ISNUMBER(SEARCH("ПВХ-3",'8 (Отряд)'!$H$1:$H$1812))+ISNUMBER(SEARCH("ПВХ-3Т",'8 (Отряд)'!$H$1:$H$1812))+ISNUMBER(SEARCH("Бумеранг-10 (День)",'8 (Отряд)'!$H$1:$H$1812))+ISNUMBER(SEARCH("Бумеранг-10 (Ночь)",'8 (Отряд)'!$H$1:$H$1812))+ISNUMBER(SEARCH("ПВХ-5",'8 (Отряд)'!$H$1:$H$1812))+ISNUMBER(SEARCH("ПВХ-5Т",'8 (Отряд)'!$H$1:$H$1812)))>0)*('8 (Отряд)'!$M$1:$M$1812="уничтожение")*('8 (Отряд)'!$N$1:$N$1812="уничтожено"))} -> 0 | G18: {=SUMPRODUCT(('8 (Отряд)'!C1:C1812="ПТРК")*((ISNUMBER(SEARCH("Молния-2",'8 (Отряд)'!H1:H1812))+ISNUMBER(SEARCH("Молния-2ДТ",'8 (Отряд)'!H1:H1812))+ISNUMBER(SEARCH("Утка Д",'8 (Отряд)'!H1:H1812))+ISNUMBER(SEARCH("Утка Н",'8 (Отряд)'!H1:H1812))+ISNUMBER(SEARCH("Ш-10",'8 (Отряд)'!H1:H1812))+ISNUMBER(SEARCH("Х-51",'8 (Отряд)'!H1:H1812))+ISNUMBER(SEARCH("Х-52",'8 (Отряд)'!H1:H1812))+ISNUMBER(SEARCH("Скальпель",'8 (Отряд)'!H1:H1812)))>0)*('8 (Отряд)'!M1:M1812="уничтожение")*('8 (Отряд)'!N1:N1812="уничтожено"))} -> 0 | I18: =G18+E18 -> 0
A19: зенитная установка | E19: {=SUMPRODUCT(('8 (Отряд)'!$C$1:$C$1812=A19)*((ISNUMBER(SEARCH("КВН",'8 (Отряд)'!$H$1:$H$1812))+ISNUMBER(SEARCH("КВН-Т",'8 (Отряд)'!$H$1:$H$1812))+ISNUMBER(SEARCH("ПВХ-1",'8 (Отряд)'!$H$1:$H$1812))+ISNUMBER(SEARCH("ПВХ-1Т",'8 (Отряд)'!$H$1:$H$1812))+ISNUMBER(SEARCH("ПВХ-3",'8 (Отряд)'!$H$1:$H$1812))+ISNUMBER(SEARCH("ПВХ-3Т",'8 (Отряд)'!$H$1:$H$1812))+ISNUMBER(SEARCH("Бумеранг-10 (День)",'8 (Отряд)'!$H$1:$H$1812))+ISNUMBER(SEARCH("Бумеранг-10 (Ночь)",'8 (Отряд)'!$H$1:$H$1812))+ISNUMBER(SEARCH("ПВХ-5",'8 (Отряд)'!$H$1:$H$1812))+ISNUMBER(SEARCH("ПВХ-5Т",'8 (Отряд)'!$H$1:$H$1812)))>0)*('8 (Отряд)'!$M$1:$M$1812="уничтожение")*('8 (Отряд)'!$N$1:$N$1812="уничтожено"))} -> 0 | G19: {=SUMPRODUCT(('8 (Отряд)'!C1:C1812="зенитная установка")*((ISNUMBER(SEARCH("Молния-2",'8 (Отряд)'!H1:H1812))+ISNUMBER(SEARCH("Молния-2ДТ",'8 (Отряд)'!H1:H1812))+ISNUMBER(SEARCH("Утка Д",'8 (Отряд)'!H1:H1812))+ISNUMBER(SEARCH("Утка Н",'8 (Отряд)'!H1:H1812))+ISNUMBER(SEARCH("Ш-10",'8 (Отряд)'!H1:H1812))+ISNUMBER(SEARCH("Х-51",'8 (Отряд)'!H1:H1812))+ISNUMBER(SEARCH("Х-52",'8 (Отряд)'!H1:H1812))+ISNUMBER(SEARCH("Скальпель",'8 (Отряд)'!H1:H1812)))>0)*('8 (Отряд)'!M1:M1812="уничтожение")*('8 (Отряд)'!N1:N1812="уничтожено"))} -> 0 | I19: =G19+E19 -> 0
A20: боевая машина пехоты | E20: {=SUMPRODUCT(('8 (Отряд)'!$C$1:$C$1812=A20)*((ISNUMBER(SEARCH("КВН",'8 (Отряд)'!$H$1:$H$1812))+ISNUMBER(SEARCH("КВН-Т",'8 (Отряд)'!$H$1:$H$1812))+ISNUMBER(SEARCH("ПВХ-1",'8 (Отряд)'!$H$1:$H$1812))+ISNUMBER(SEARCH("ПВХ-1Т",'8 (Отряд)'!$H$1:$H$1812))+ISNUMBER(SEARCH("ПВХ-3",'8 (Отряд)'!$H$1:$H$1812))+ISNUMBER(SEARCH("ПВХ-3Т",'8 (Отряд)'!$H$1:$H$1812))+ISNUMBER(SEARCH("Бумеранг-10 (День)",'8 (Отряд)'!$H$1:$H$1812))+ISNUMBER(SEARCH("Бумеранг-10 (Ночь)",'8 (Отряд)'!$H$1:$H$1812))+ISNUMBER(SEARCH("ПВХ-5",'8 (Отряд)'!$H$1:$H$1812))+ISNUMBER(SEARCH("ПВХ-5Т",'8 (Отряд)'!$H$1:$H$1812)))>0)*('8 (Отряд)'!$M$1:$M$1812="уничтожение")*('8 (Отряд)'!$N$1:$N$1812="уничтожено"))} -> 0 | G20: {=SUMPRODUCT(('8 (Отряд)'!C1:C1812="боевая машина пехоты")*((ISNUMBER(SEARCH("Молния-2",'8 (Отряд)'!H1:H1812))+ISNUMBER(SEARCH("Молния-2ДТ",'8 (Отряд)'!H1:H1812))+ISNUMBER(SEARCH("Утка Д",'8 (Отряд)'!H1:H1812))+ISNUMBER(SEARCH("Утка Н",'8 (Отряд)'!H1:H1812))+ISNUMBER(SEARCH("Ш-10",'8 (Отряд)'!H1:H1812))+ISNUMBER(SEARCH("Х-51",'8 (Отряд)'!H1:H1812))+ISNUMBER(SEARCH("Х-52",'8 (Отряд)'!H1:H1812))+ISNUMBER(SEARCH("Скальпель",'8 (Отряд)'!H1:H1812)))>0)*('8 (Отряд)'!M1:M1812="уничтожение")*('8 (Отряд)'!N1:N1812="уничтожено"))} -> 0 | I20: =G20+E20 -> 0
A21: бронетранспортер | E21: {=SUMPRODUCT(('8 (Отряд)'!$C$1:$C$1812=A21)*((ISNUMBER(SEARCH("КВН",'8 (Отряд)'!$H$1:$H$1812))+ISNUMBER(SEARCH("КВН-Т",'8 (Отряд)'!$H$1:$H$1812))+ISNUMBER(SEARCH("ПВХ-1",'8 (Отряд)'!$H$1:$H$1812))+ISNUMBER(SEARCH("ПВХ-1Т",'8 (Отряд)'!$H$1:$H$1812))+ISNUMBER(SEARCH("ПВХ-3",'8 (Отряд)'!$H$1:$H$1812))+ISNUMBER(SEARCH("ПВХ-3Т",'8 (Отряд)'!$H$1:$H$1812))+ISNUMBER(SEARCH("Бумеранг-10 (День)",'8 (Отряд)'!$H$1:$H$1812))+ISNUMBER(SEARCH("Бумеранг-10 (Ночь)",'8 (Отряд)'!$H$1:$H$1812))+ISNUMBER(SEARCH("ПВХ-5",'8 (Отряд)'!$H$1:$H$1812))+ISNUMBER(SEARCH("ПВХ-5Т",'8 (Отряд)'!$H$1:$H$1812)))>0)*('8 (Отряд)'!$M$1:$M$1812="уничтожение")*('8 (Отряд)'!$N$1:$N$1812="уничтожено"))} -> 0 | G21: {=SUMPRODUCT(('8 (Отряд)'!C1:C1812="бронетранспортер")*((ISNUMBER(SEARCH("Молния-2",'8 (Отряд)'!H1:H1812))+ISNUMBER(SEARCH("Молния-2ДТ",'8 (Отряд)'!H1:H1812))+ISNUMBER(SEARCH("Утка Д",'8 (Отряд)'!H1:H1812))+ISNUMBER(SEARCH("Утка Н",'8 (Отряд)'!H1:H1812))+ISNUMBER(SEARCH("Ш-10",'8 (Отряд)'!H1:H1812))+ISNUMBER(SEARCH("Х-51",'8 (Отряд)'!H1:H1812))+ISNUMBER(SEARCH("Х-52",'8 (Отряд)'!H1:H1812))+ISNUMBER(SEARCH("Скальпель",'8 (Отряд)'!H1:H1812)))>0)*('8 (Отряд)'!M1:M1812="уничтожение")*('8 (Отряд)'!N1:N1812="уничтожено"))} -> 0 | I21: =G21+E21 -> 0
A22: боевая бронированная машина | E22: {=SUMPRODUCT(('8 (Отряд)'!$C$1:$C$1812=A22)*((ISNUMBER(SEARCH("КВН",'8 (Отряд)'!$H$1:$H$1812))+ISNUMBER(SEARCH("КВН-Т",'8 (Отряд)'!$H$1:$H$1812))+ISNUMBER(SEARCH("ПВХ-1",'8 (Отряд)'!$H$1:$H$1812))+ISNUMBER(SEARCH("ПВХ-1Т",'8 (Отряд)'!$H$1:$H$1812))+ISNUMBER(SEARCH("ПВХ-3",'8 (Отряд)'!$H$1:$H$1812))+ISNUMBER(SEARCH("ПВХ-3Т",'8 (Отряд)'!$H$1:$H$1812))+ISNUMBER(SEARCH("Бумеранг-10 (День)",'8 (Отряд)'!$H$1:$H$1812))+ISNUMBER(SEARCH("Бумеранг-10 (Ночь)",'8 (Отряд)'!$H$1:$H$1812))+ISNUMBER(SEARCH("ПВХ-5",'8 (Отряд)'!$H$1:$H$1812))+ISNUMBER(SEARCH("ПВХ-5Т",'8 (Отряд)'!$H$1:$H$1812)))>0)*('8 (Отряд)'!$M$1:$M$1812="уничтожение")*('8 (Отряд)'!$N$1:$N$1812="уничтожено"))} -> 0 | G22: {=SUMPRODUCT(('8 (Отряд)'!C1:C1812="боевая бронированная машина")*((ISNUMBER(SEARCH("Молния-2",'8 (Отряд)'!H1:H1812))+ISNUMBER(SEARCH("Молния-2ДТ",'8 (Отряд)'!H1:H1812))+ISNUMBER(SEARCH("Утка Д",'8 (Отряд)'!H1:H1812))+ISNUMBER(SEARCH("Утка Н",'8 (Отряд)'!H1:H1812))+ISNUMBER(SEARCH("Ш-10",'8 (Отряд)'!H1:H1812))+ISNUMBER(SEARCH("Х-51",'8 (Отряд)'!H1:H1812))+ISNUMBER(SEARCH("Х-52",'8 (Отряд)'!H1:H1812))+ISNUMBER(SEARCH("Скальпель",'8 (Отряд)'!H1:H1812)))>0)*('8 (Отряд)'!M1:M1812="уничтожение")*('8 (Отряд)'!N1:N1812="уничтожено"))} -> 0 | I22: =G22+E22 -> 0
A23: РЛС | E23: {=SUMPRODUCT(('8 (Отряд)'!$C$1:$C$1812=A23)*((ISNUMBER(SEARCH("КВН",'8 (Отряд)'!$H$1:$H$1812))+ISNUMBER(SEARCH("КВН-Т",'8 (Отряд)'!$H$1:$H$1812))+ISNUMBER(SEARCH("ПВХ-1",'8 (Отряд)'!$H$1:$H$1812))+ISNUMBER(SEARCH("ПВХ-1Т",'8 (Отряд)'!$H$1:$H$1812))+ISNUMBER(SEARCH("ПВХ-3",'8 (Отряд)'!$H$1:$H$1812))+ISNUMBER(SEARCH("ПВХ-3Т",'8 (Отряд)'!$H$1:$H$1812))+ISNUMBER(SEARCH("Бумеранг-10 (День)",'8 (Отряд)'!$H$1:$H$1812))+ISNUMBER(SEARCH("Бумеранг-10 (Ночь)",'8 (Отряд)'!$H$1:$H$1812))+ISNUMBER(SEARCH("ПВХ-5",'8 (Отряд)'!$H$1:$H$1812))+ISNUMBER(SEARCH("ПВХ-5Т",'8 (Отряд)'!$H$1:$H$1812)))>0)*('8 (Отряд)'!$M$1:$M$1812="уничтожение")*('8 (Отряд)'!$N$1:$N$1812="уничтожено"))} -> 0 | G23: {=SUMPRODUCT(('8 (Отряд)'!C1:C1812="РЛС")*((ISNUMBER(SEARCH("Молния-2",'8 (Отряд)'!H1:H1812))+ISNUMBER(SEARCH("Молния-2ДТ",'8 (Отряд)'!H1:H1812))+ISNUMBER(SEARCH("Утка Д",'8 (Отряд)'!H1:H1812))+ISNUMBER(SEARCH("Утка Н",'8 (Отряд)'!H1:H1812))+ISNUMBER(SEARCH("Ш-10",'8 (Отряд)'!H1:H1812))+ISNUMBER(SEARCH("Х-51",'8 (Отряд)'!H1:H1812))+ISNUMBER(SEARCH("Х-52",'8 (Отряд)'!H1:H1812))+ISNUMBER(SEARCH("Скальпель",'8 (Отряд)'!H1:H1812)))>0)*('8 (Отряд)'!M1:M1812="уничтожение")*('8 (Отряд)'!N1:N1812="уничтожено"))} -> 0 | I23: =G23+E23 -> 0
A24: РЭР | E24: {=SUMPRODUCT(('8 (Отряд)'!$C$1:$C$1812=A24)*((ISNUMBER(SEARCH("КВН",'8 (Отряд)'!$H$1:$H$1812))+ISNUMBER(SEARCH("КВН-Т",'8 (Отряд)'!$H$1:$H$1812))+ISNUMBER(SEARCH("ПВХ-1",'8 (Отряд)'!$H$1:$H$1812))+ISNUMBER(SEARCH("ПВХ-1Т",'8 (Отряд)'!$H$1:$H$1812))+ISNUMBER(SEARCH("ПВХ-3",'8 (Отряд)'!$H$1:$H$1812))+ISNUMBER(SEARCH("ПВХ-3Т",'8 (Отряд)'!$H$1:$H$1812))+ISNUMBER(SEARCH("Бумеранг-10 (День)",'8 (Отряд)'!$H$1:$H$1812))+ISNUMBER(SEARCH("Бумеранг-10 (Ночь)",'8 (Отряд)'!$H$1:$H$1812))+ISNUMBER(SEARCH("ПВХ-5",'8 (Отряд)'!$H$1:$H$1812))+ISNUMBER(SEARCH("ПВХ-5Т",'8 (Отряд)'!$H$1:$H$1812)))>0)*('8 (Отряд)'!$M$1:$M$1812="уничтожение")*('8 (Отряд)'!$N$1:$N$1812="уничтожено"))} -> 0 | G24: {=SUMPRODUCT(('8 (Отряд)'!C1:C1812="РЭР")*((ISNUMBER(SEARCH("Молния-2",'8 (Отряд)'!H1:H1812))+ISNUMBER(SEARCH("Молния-2ДТ",'8 (Отряд)'!H1:H1812))+ISNUMBER(SEARCH("Утка Д",'8 (Отряд)'!H1:H1812))+ISNUMBER(SEARCH("Утка Н",'8 (Отряд)'!H1:H1812))+ISNUMBER(SEARCH("Ш-10",'8 (Отряд)'!H1:H1812))+ISNUMBER(SEARCH("Х-51",'8 (Отряд)'!H1:H1812))+ISNUMBER(SEARCH("Х-52",'8 (Отряд)'!H1:H1812))+ISNUMBER(SEARCH("Скальпель",'8 (Отряд)'!H1:H1812)))>0)*('8 (Отряд)'!M1:M1812="уничтожение")*('8 (Отряд)'!N1:N1812="уничтожено"))} -> 0 | I24: =G24+E24 -> 0
A25: РЭБ | E25: {=SUMPRODUCT(('8 (Отряд)'!$C$1:$C$1812=A25)*((ISNUMBER(SEARCH("КВН",'8 (Отряд)'!$H$1:$H$1812))+ISNUMBER(SEARCH("КВН-Т",'8 (Отряд)'!$H$1:$H$1812))+ISNUMBER(SEARCH("ПВХ-1",'8 (Отряд)'!$H$1:$H$1812))+ISNUMBER(SEARCH("ПВХ-1Т",'8 (Отряд)'!$H$1:$H$1812))+ISNUMBER(SEARCH("ПВХ-3",'8 (Отряд)'!$H$1:$H$1812))+ISNUMBER(SEARCH("ПВХ-3Т",'8 (Отряд)'!$H$1:$H$1812))+ISNUMBER(SEARCH("Бумеранг-10 (День)",'8 (Отряд)'!$H$1:$H$1812))+ISNUMBER(SEARCH("Бумеранг-10 (Ночь)",'8 (Отряд)'!$H$1:$H$1812))+ISNUMBER(SEARCH("ПВХ-5",'8 (Отряд)'!$H$1:$H$1812))+ISNUMBER(SEARCH("ПВХ-5Т",'8 (Отряд)'!$H$1:$H$1812)))>0)*('8 (Отряд)'!$M$1:$M$1812="уничтожение")*('8 (Отряд)'!$N$1:$N$1812="уничтожено"))} -> 0 | G25: {=SUMPRODUCT(('8 (Отряд)'!C1:C1812="РЭБ")*((ISNUMBER(SEARCH("Молния-2",'8 (Отряд)'!H1:H1812))+ISNUMBER(SEARCH("Молния-2ДТ",'8 (Отряд)'!H1:H1812))+ISNUMBER(SEARCH("Утка Д",'8 (Отряд)'!H1:H1812))+ISNUMBER(SEARCH("Утка Н",'8 (Отряд)'!H1:H1812))+ISNUMBER(SEARCH("Ш-10",'8 (Отряд)'!H1:H1812))+ISNUMBER(SEARCH("Х-51",'8 (Отряд)'!H1:H1812))+ISNUMBER(SEARCH("Х-52",'8 (Отряд)'!H1:H1812))+ISNUMBER(SEARCH("Скальпель",'8 (Отряд)'!H1:H1812)))>0)*('8 (Отряд)'!M1:M1812="уничтожение")*('8 (Отряд)'!N1:N1812="уничтожено"))} -> 0 | I25: =G25+E25 -> 0
A26: автомобильная техника | E26: {=SUMPRODUCT(('8 (Отряд)'!$C$1:$C$1812=A26)*((ISNUMBER(SEARCH("КВН",'8 (Отряд)'!$H$1:$H$1812))+ISNUMBER(SEARCH("КВН-Т",'8 (Отряд)'!$H$1:$H$1812))+ISNUMBER(SEARCH("ПВХ-1",'8 (Отряд)'!$H$1:$H$1812))+ISNUMBER(SEARCH("ПВХ-1Т",'8 (Отряд)'!$H$1:$H$1812))+ISNUMBER(SEARCH("ПВХ-3",'8 (Отряд)'!$H$1:$H$1812))+ISNUMBER(SEARCH("ПВХ-3Т",'8 (Отряд)'!$H$1:$H$1812))+ISNUMBER(SEARCH("Бумеранг-10 (День)",'8 (Отряд)'!$H$1:$H$1812))+ISNUMBER(SEARCH("Бумеранг-10 (Ночь)",'8 (Отряд)'!$H$1:$H$1812))+ISNUMBER(SEARCH("ПВХ-5",'8 (Отряд)'!$H$1:$H$1812))+ISNUMBER(SEARCH("ПВХ-5Т",'8 (Отряд)'!$H$1:$H$1812)))>0)*('8 (Отряд)'!$M$1:$M$1812="уничтожение")*('8 (Отряд)'!$N$1:$N$1812="уничтожено"))} -> 0 | G26: {=SUMPRODUCT(('8 (Отряд)'!C1:C1812="автомобильная техника")*((ISNUMBER(SEARCH("Молния-2",'8 (Отряд)'!H1:H1812))+ISNUMBER(SEARCH("Молния-2ДТ",'8 (Отряд)'!H1:H1812))+ISNUMBER(SEARCH("Утка Д",'8 (Отряд)'!H1:H1812))+ISNUMBER(SEARCH("Утка Н",'8 (Отряд)'!H1:H1812))+ISNUMBER(SEARCH("Ш-10",'8 (Отряд)'!H1:H1812))+ISNUMBER(SEARCH("Х-51",'8 (Отряд)'!H1:H1812))+ISNUMBER(SEARCH("Х-52",'8 (Отряд)'!H1:H1812))+ISNUMBER(SEARCH("Скальпель",'8 (Отряд)'!H1:H1812)))>0)*('8 (Отряд)'!M1:M1812="уничтожение")*('8 (Отряд)'!N1:N1812="уничтожено"))} -> 0 | I26: =G26+E26 -> 0
A27: мототехника | E27: {=SUMPRODUCT(('8 (Отряд)'!$C$1:$C$1812=A27)*((ISNUMBER(SEARCH("КВН",'8 (Отряд)'!$H$1:$H$1812))+ISNUMBER(SEARCH("КВН-Т",'8 (Отряд)'!$H$1:$H$1812))+ISNUMBER(SEARCH("ПВХ-1",'8 (Отряд)'!$H$1:$H$1812))+ISNUMBER(SEARCH("ПВХ-1Т",'8 (Отряд)'!$H$1:$H$1812))+ISNUMBER(SEARCH("ПВХ-3",'8 (Отряд)'!$H$1:$H$1812))+ISNUMBER(SEARCH("ПВХ-3Т",'8 (Отряд)'!$H$1:$H$1812))+ISNUMBER(SEARCH("Бумеранг-10 (День)",'8 (Отряд)'!$H$1:$H$1812))+ISNUMBER(SEARCH("Бумеранг-10 (Ночь)",'8 (Отряд)'!$H$1:$H$1812))+ISNUMBER(SEARCH("ПВХ-5",'8 (Отряд)'!$H$1:$H$1812))+ISNUMBER(SEARCH("ПВХ-5Т",'8 (Отряд)'!$H$1:$H$1812)))>0)*('8 (Отряд)'!$M$1:$M$1812="уничтожение")*('8 (Отряд)'!$N$1:$N$1812="уничтожено"))} -> 0 | G27: {=SUMPRODUCT(('8 (Отряд)'!C1:C1812="мототехника")*((ISNUMBER(SEARCH("Молния-2",'8 (Отряд)'!H1:H1812))+ISNUMBER(SEARCH("Молния-2ДТ",'8 (Отряд)'!H1:H1812))+ISNUMBER(SEARCH("Утка Д",'8 (Отряд)'!H1:H1812))+ISNUMBER(SEARCH("Утка Н",'8 (Отряд)'!H1:H1812))+ISNUMBER(SEARCH("Ш-10",'8 (Отряд)'!H1:H1812))+ISNUMBER(SEARCH("Х-51",'8 (Отряд)'!H1:H1812))+ISNUMBER(SEARCH("Х-52",'8 (Отряд)'!H1:H1812))+ISNUMBER(SEARCH("Скальпель",'8 (Отряд)'!H1:H1812)))>0)*('8 (Отряд)'!M1:M1812="уничтожение")*('8 (Отряд)'!N1:N1812="уничтожено"))} -> 0 | I27: =G27+E27 -> 0
A28: инженерная техника | E28: {=SUMPRODUCT(('8 (Отряд)'!$C$1:$C$1812=A28)*((ISNUMBER(SEARCH("КВН",'8 (Отряд)'!$H$1:$H$1812))+ISNUMBER(SEARCH("КВН-Т",'8 (Отряд)'!$H$1:$H$1812))+ISNUMBER(SEARCH("ПВХ-1",'8 (Отряд)'!$H$1:$H$1812))+ISNUMBER(SEARCH("ПВХ-1Т",'8 (Отряд)'!$H$1:$H$1812))+ISNUMBER(SEARCH("ПВХ-3",'8 (Отряд)'!$H$1:$H$1812))+ISNUMBER(SEARCH("ПВХ-3Т",'8 (Отряд)'!$H$1:$H$1812))+ISNUMBER(SEARCH("Бумеранг-10 (День)",'8 (Отряд)'!$H$1:$H$1812))+ISNUMBER(SEARCH("Бумеранг-10 (Ночь)",'8 (Отряд)'!$H$1:$H$1812))+ISNUMBER(SEARCH("ПВХ-5",'8 (Отряд)'!$H$1:$H$1812))+ISNUMBER(SEARCH("ПВХ-5Т",'8 (Отряд)'!$H$1:$H$1812)))>0)*('8 (Отряд)'!$M$1:$M$1812="уничтожение")*('8 (Отряд)'!$N$1:$N$1812="уничтожено"))} -> 0 | G28: {=SUMPRODUCT(('8 (Отряд)'!C1:C1812="инженерная техника")*((ISNUMBER(SEARCH("Молния-2",'8 (Отряд)'!H1:H1812))+ISNUMBER(SEARCH("Молния-2ДТ",'8 (Отряд)'!H1:H1812))+ISNUMBER(SEARCH("Утка Д",'8 (Отряд)'!H1:H1812))+ISNUMBER(SEARCH("Утка Н",'8 (Отряд)'!H1:H1812))+ISNUMBER(SEARCH("Ш-10",'8 (Отряд)'!H1:H1812))+ISNUMBER(SEARCH("Х-51",'8 (Отряд)'!H1:H1812))+ISNUMBER(SEARCH("Х-52",'8 (Отряд)'!H1:H1812))+ISNUMBER(SEARCH("Скальпель",'8 (Отряд)'!H1:H1812)))>0)*('8 (Отряд)'!M1:M1812="уничтожение")*('8 (Отряд)'!N1:N1812="уничтожено"))} -> 0 | I28: =G28+E28 -> 0
A29: ПУ БпЛА | E29: {=SUMPRODUCT(('8 (Отряд)'!$C$1:$C$1812=A29)*((ISNUMBER(SEARCH("КВН",'8 (Отряд)'!$H$1:$H$1812))+ISNUMBER(SEARCH("КВН-Т",'8 (Отряд)'!$H$1:$H$1812))+ISNUMBER(SEARCH("ПВХ-1",'8 (Отряд)'!$H$1:$H$1812))+ISNUMBER(SEARCH("ПВХ-1Т",'8 (Отряд)'!$H$1:$H$1812))+ISNUMBER(SEARCH("ПВХ-3",'8 (Отряд)'!$H$1:$H$1812))+ISNUMBER(SEARCH("ПВХ-3Т",'8 (Отряд)'!$H$1:$H$1812))+ISNUMBER(SEARCH("Бумеранг-10 (День)",'8 (Отряд)'!$H$1:$H$1812))+ISNUMBER(SEARCH("Бумеранг-10 (Ночь)",'8 (Отряд)'!$H$1:$H$1812))+ISNUMBER(SEARCH("ПВХ-5",'8 (Отряд)'!$H$1:$H$1812))+ISNUMBER(SEARCH("ПВХ-5Т",'8 (Отряд)'!$H$1:$H$1812)))>0)*('8 (Отряд)'!$M$1:$M$1812="уничтожение")*('8 (Отряд)'!$N$1:$N$1812="уничтожено"))} -> 0 | G29: {=SUMPRODUCT(('8 (Отряд)'!C1:C1812="ПУ БпЛА")*((ISNUMBER(SEARCH("Молния-2",'8 (Отряд)'!H1:H1812))+ISNUMBER(SEARCH("Молния-2ДТ",'8 (Отряд)'!H1:H1812))+ISNUMBER(SEARCH("Утка Д",'8 (Отряд)'!H1:H1812))+ISNUMBER(SEARCH("Утка Н",'8 (Отряд)'!H1:H1812))+ISNUMBER(SEARCH("Ш-10",'8 (Отряд)'!H1:H1812))+ISNUMBER(SEARCH("Х-51",'8 (Отряд)'!H1:H1812))+ISNUMBER(SEARCH("Х-52",'8 (Отряд)'!H1:H1812))+ISNUMBER(SEARCH("Скальпель",'8 (Отряд)'!H1:H1812)))>0)*('8 (Отряд)'!M1:M1812="уничтожение")*('8 (Отряд)'!N1:N1812="уничтожено"))} -> 0 | I29: =G29+E29 -> 0
A30: БпЛА | E30: {=SUMPRODUCT(('8 (Отряд)'!$C$1:$C$1812=A30)*((ISNUMBER(SEARCH("КВН",'8 (Отряд)'!$H$1:$H$1812))+ISNUMBER(SEARCH("КВН-Т",'8 (Отряд)'!$H$1:$H$1812))+ISNUMBER(SEARCH("ПВХ-1",'8 (Отряд)'!$H$1:$H$1812))+ISNUMBER(SEARCH("ПВХ-1Т",'8 (Отряд)'!$H$1:$H$1812))+ISNUMBER(SEARCH("ПВХ-3",'8 (Отряд)'!$H$1:$H$1812))+ISNUMBER(SEARCH("ПВХ-3Т",'8 (Отряд)'!$H$1:$H$1812))+ISNUMBER(SEARCH("Бумеранг-10 (День)",'8 (Отряд)'!$H$1:$H$1812))+ISNUMBER(SEARCH("Бумеранг-10 (Ночь)",'8 (Отряд)'!$H$1:$H$1812))+ISNUMBER(SEARCH("ПВХ-5",'8 (Отряд)'!$H$1:$H$1812))+ISNUMBER(SEARCH("ПВХ-5Т",'8 (Отряд)'!$H$1:$H$1812)))>0)*('8 (Отряд)'!$M$1:$M$1812="уничтожение")*('8 (Отряд)'!$N$1:$N$1812="уничтожено"))} -> 0 | G30: {=SUMPRODUCT(('8 (Отряд)'!C1:C1812="БпЛА")*((ISNUMBER(SEARCH("Молния-2",'8 (Отряд)'!H1:H1812))+ISNUMBER(SEARCH("Молния-2ДТ",'8 (Отряд)'!H1:H1812))+ISNUMBER(SEARCH("Утка Д",'8 (Отряд)'!H1:H1812))+ISNUMBER(SEARCH("Утка Н",'8 (Отряд)'!H1:H1812))+ISNUMBER(SEARCH("Ш-10",'8 (Отряд)'!H1:H1812))+ISNUMBER(SEARCH("Х-51",'8 (Отряд)'!H1:H1812))+ISNUMBER(SEARCH("Х-52",'8 (Отряд)'!H1:H1812))+ISNUMBER(SEARCH("Скальпель",'8 (Отряд)'!H1:H1812)))>0)*('8 (Отряд)'!M1:M1812="уничтожение")*('8 (Отряд)'!N1:N1812="уничтожено"))} -> 0 | I30: =G30+E30 -> 0
A31: Наземные дроны | E31: {=SUMPRODUCT(('8 (Отряд)'!$C$1:$C$1812=A31)*((ISNUMBER(SEARCH("КВН",'8 (Отряд)'!$H$1:$H$1812))+ISNUMBER(SEARCH("КВН-Т",'8 (Отряд)'!$H$1:$H$1812))+ISNUMBER(SEARCH("ПВХ-1",'8 (Отряд)'!$H$1:$H$1812))+ISNUMBER(SEARCH("ПВХ-1Т",'8 (Отряд)'!$H$1:$H$1812))+ISNUMBER(SEARCH("ПВХ-3",'8 (Отряд)'!$H$1:$H$1812))+ISNUMBER(SEARCH("ПВХ-3Т",'8 (Отряд)'!$H$1:$H$1812))+ISNUMBER(SEARCH("Бумеранг-10 (День)",'8 (Отряд)'!$H$1:$H$1812))+ISNUMBER(SEARCH("Бумеранг-10 (Ночь)",'8 (Отряд)'!$H$1:$H$1812))+ISNUMBER(SEARCH("ПВХ-5",'8 (Отряд)'!$H$1:$H$1812))+ISNUMBER(SEARCH("ПВХ-5Т",'8 (Отряд)'!$H$1:$H$1812)))>0)*('8 (Отряд)'!$M$1:$M$1812="уничтожение")*('8 (Отряд)'!$N$1:$N$1812="уничтожено"))} -> 0 | G31: {=SUMPRODUCT(('8 (Отряд)'!C1:C1812="наземные дроны")*((ISNUMBER(SEARCH("Молния-2",'8 (Отряд)'!H1:H1812))+ISNUMBER(SEARCH("Молния-2ДТ",'8 (Отряд)'!H1:H1812))+ISNUMBER(SEARCH("Утка Д",'8 (Отряд)'!H1:H1812))+ISNUMBER(SEARCH("Утка Н",'8 (Отряд)'!H1:H1812))+ISNUMBER(SEARCH("Ш-10",'8 (Отряд)'!H1:H1812))+ISNUMBER(SEARCH("Х-51",'8 (Отряд)'!H1:H1812))+ISNUMBER(SEARCH("Х-52",'8 (Отряд)'!H1:H1812))+ISNUMBER(SEARCH("Скальпель",'8 (Отряд)'!H1:H1812)))>0)*('8 (Отряд)'!M1:M1812="уничтожение")*('8 (Отряд)'!N1:N1812="уничтожено"))} -> 0 | I31: =G31+E31 -> 0
A32: Баба Яга | E32: {=SUMPRODUCT(('8 (Отряд)'!$C$1:$C$1812=A32)*((ISNUMBER(SEARCH("КВН",'8 (Отряд)'!$H$1:$H$1812))+ISNUMBER(SEARCH("КВН-Т",'8 (Отряд)'!$H$1:$H$1812))+ISNUMBER(SEARCH("ПВХ-1",'8 (Отряд)'!$H$1:$H$1812))+ISNUMBER(SEARCH("ПВХ-1Т",'8 (Отряд)'!$H$1:$H$1812))+ISNUMBER(SEARCH("ПВХ-3",'8 (Отряд)'!$H$1:$H$1812))+ISNUMBER(SEARCH("ПВХ-3Т",'8 (Отряд)'!$H$1:$H$1812))+ISNUMBER(SEARCH("Бумеранг-10 (День)",'8 (Отряд)'!$H$1:$H$1812))+ISNUMBER(SEARCH("Бумеранг-10 (Ночь)",'8 (Отряд)'!$H$1:$H$1812))+ISNUMBER(SEARCH("ПВХ-5",'8 (Отряд)'!$H$1:$H$1812))+ISNUMBER(SEARCH("ПВХ-5Т",'8 (Отряд)'!$H$1:$H$1812)))>0)*('8 (Отряд)'!$M$1:$M$1812="уничтожение")*('8 (Отряд)'!$N$1:$N$1812="уничтожено"))} -> 0 | G32: {=SUMPRODUCT(('8 (Отряд)'!C1:C1812="Баба Яга")*((ISNUMBER(SEARCH("Молния-2",'8 (Отряд)'!H1:H1812))+ISNUMBER(SEARCH("Молния-2ДТ",'8 (Отряд)'!H1:H1812))+ISNUMBER(SEARCH("Утка Д",'8 (Отряд)'!H1:H1812))+ISNUMBER(SEARCH("Утка Н",'8 (Отряд)'!H1:H1812))+ISNUMBER(SEARCH("Ш-10",'8 (Отряд)'!H1:H1812))+ISNUMBER(SEARCH("Х-51",'8 (Отряд)'!H1:H1812))+ISNUMBER(SEARCH("Х-52",'8 (Отряд)'!H1:H1812))+ISNUMBER(SEARCH("Скальпель",'8 (Отряд)'!H1:H1812)))>0)*('8 (Отряд)'!M1:M1812="уничтожение")*('8 (Отряд)'!N1:N1812="уничтожено"))} -> 0 | I32: =G32+E32 -> 0
A33: пункт управления | E33: {=SUMPRODUCT(('8 (Отряд)'!$C$1:$C$1812=A33)*((ISNUMBER(SEARCH("КВН",'8 (Отряд)'!$H$1:$H$1812))+ISNUMBER(SEARCH("КВН-Т",'8 (Отряд)'!$H$1:$H$1812))+ISNUMBER(SEARCH("ПВХ-1",'8 (Отряд)'!$H$1:$H$1812))+ISNUMBER(SEARCH("ПВХ-1Т",'8 (Отряд)'!$H$1:$H$1812))+ISNUMBER(SEARCH("ПВХ-3",'8 (Отряд)'!$H$1:$H$1812))+ISNUMBER(SEARCH("ПВХ-3Т",'8 (Отряд)'!$H$1:$H$1812))+ISNUMBER(SEARCH("Бумеранг-10 (День)",'8 (Отряд)'!$H$1:$H$1812))+ISNUMBER(SEARCH("Бумеранг-10 (Ночь)",'8 (Отряд)'!$H$1:$H$1812))+ISNUMBER(SEARCH("ПВХ-5",'8 (Отряд)'!$H$1:$H$1812))+ISNUMBER(SEARCH("ПВХ-5Т",'8 (Отряд)'!$H$1:$H$1812)))>0)*('8 (Отряд)'!$M$1:$M$1812="уничтожение")*('8 (Отряд)'!$N$1:$N$1812="уничтожено"))} -> 0 | G33: {=SUMPRODUCT(('8 (Отряд)'!C1:C1812="пункт управления")*((ISNUMBER(SEARCH("Молния-2",'8 (Отряд)'!H1:H1812))+ISNUMBER(SEARCH("Молния-2ДТ",'8 (Отряд)'!H1:H1812))+ISNUMBER(SEARCH("Утка Д",'8 (Отряд)'!H1:H1812))+ISNUMBER(SEARCH("Утка Н",'8 (Отряд)'!H1:H1812))+ISNUMBER(SEARCH("Ш-10",'8 (Отряд)'!H1:H1812))+ISNUMBER(SEARCH("Х-51",'8 (Отряд)'!H1:H1812))+ISNUMBER(SEARCH("Х-52",'8 (Отряд)'!H1:H1812))+ISNUMBER(SEARCH("Скальпель",'8 (Отряд)'!H1:H1812)))>0)*('8 (Отряд)'!M1:M1812="уничтожение")*('8 (Отряд)'!N1:N1812="уничтожено"))} -> 0 | I33: =G33+E33 -> 0
A34: склад БК | E34: {=SUMPRODUCT(('8 (Отряд)'!$C$1:$C$1812=A34)*((ISNUMBER(SEARCH("КВН",'8 (Отряд)'!$H$1:$H$1812))+ISNUMBER(SEARCH("КВН-Т",'8 (Отряд)'!$H$1:$H$1812))+ISNUMBER(SEARCH("ПВХ-1",'8 (Отряд)'!$H$1:$H$1812))+ISNUMBER(SEARCH("ПВХ-1Т",'8 (Отряд)'!$H$1:$H$1812))+ISNUMBER(SEARCH("ПВХ-3",'8 (Отряд)'!$H$1:$H$1812))+ISNUMBER(SEARCH("ПВХ-3Т",'8 (Отряд)'!$H$1:$H$1812))+ISNUMBER(SEARCH("Бумеранг-10 (День)",'8 (Отряд)'!$H$1:$H$1812))+ISNUMBER(SEARCH("Бумеранг-10 (Ночь)",'8 (Отряд)'!$H$1:$H$1812))+ISNUMBER(SEARCH("ПВХ-5",'8 (Отряд)'!$H$1:$H$1812))+ISNUMBER(SEARCH("ПВХ-5Т",'8 (Отряд)'!$H$1:$H$1812)))>0)*('8 (Отряд)'!$M$1:$M$1812="уничтожение")*('8 (Отряд)'!$N$1:$N$1812="уничтожено"))} -> 0 | G34: {=SUMPRODUCT(('8 (Отряд)'!C1:C1812="склад БК")*((ISNUMBER(SEARCH("Молния-2",'8 (Отряд)'!H1:H1812))+ISNUMBER(SEARCH("Молния-2ДТ",'8 (Отряд)'!H1:H1812))+ISNUMBER(SEARCH("Утка Д",'8 (Отряд)'!H1:H1812))+ISNUMBER(SEARCH("Утка Н",'8 (Отряд)'!H1:H1812))+ISNUMBER(SEARCH("Ш-10",'8 (Отряд)'!H1:H1812))+ISNUMBER(SEARCH("Х-51",'8 (Отряд)'!H1:H1812))+ISNUMBER(SEARCH("Х-52",'8 (Отряд)'!H1:H1812))+ISNUMBER(SEARCH("Скальпель",'8 (Отряд)'!H1:H1812)))>0)*('8 (Отряд)'!M1:M1812="уничтожение")*('8 (Отряд)'!N1:N1812="уничтожено"))} -> 0 | I34: =G34+E34 -> 0
A35: склад ГСМ | E35: {=SUMPRODUCT(('8 (Отряд)'!$C$1:$C$1812=A35)*((ISNUMBER(SEARCH("КВН",'8 (Отряд)'!$H$1:$H$1812))+ISNUMBER(SEARCH("КВН-Т",'8 (Отряд)'!$H$1:$H$1812))+ISNUMBER(SEARCH("ПВХ-1",'8 (Отряд)'!$H$1:$H$1812))+ISNUMBER(SEARCH("ПВХ-1Т",'8 (Отряд)'!$H$1:$H$1812))+ISNUMBER(SEARCH("ПВХ-3",'8 (Отряд)'!$H$1:$H$1812))+ISNUMBER(SEARCH("ПВХ-3Т",'8 (Отряд)'!$H$1:$H$1812))+ISNUMBER(SEARCH("Бумеранг-10 (День)",'8 (Отряд)'!$H$1:$H$1812))+ISNUMBER(SEARCH("Бумеранг-10 (Ночь)",'8 (Отряд)'!$H$1:$H$1812))+ISNUMBER(SEARCH("ПВХ-5",'8 (Отряд)'!$H$1:$H$1812))+ISNUMBER(SEARCH("ПВХ-5Т",'8 (Отряд)'!$H$1:$H$1812)))>0)*('8 (Отряд)'!$M$1:$M$1812="уничтожение")*('8 (Отряд)'!$N$1:$N$1812="уничтожено"))} -> 0 | G35: {=SUMPRODUCT(('8 (Отряд)'!C1:C1812="склад ГСМ")*((ISNUMBER(SEARCH("Молния-2",'8 (Отряд)'!H1:H1812))+ISNUMBER(SEARCH("Молния-2ДТ",'8 (Отряд)'!H1:H1812))+ISNUMBER(SEARCH("Утка Д",'8 (Отряд)'!H1:H1812))+ISNUMBER(SEARCH("Утка Н",'8 (Отряд)'!H1:H1812))+ISNUMBER(SEARCH("Ш-10",'8 (Отряд)'!H1:H1812))+ISNUMBER(SEARCH("Х-51",'8 (Отряд)'!H1:H1812))+ISNUMBER(SEARCH("Х-52",'8 (Отряд)'!H1:H1812))+ISNUMBER(SEARCH("Скальпель",'8 (Отряд)'!H1:H1812)))>0)*('8 (Отряд)'!M1:M1812="уничтожение")*('8 (Отряд)'!N1:N1812="уничтожено"))} -> 0 | I35: =G35+E35 -> 0
A36: огневая позиция | E36: {=SUMPRODUCT(('8 (Отряд)'!$C$1:$C$1812=A36)*((ISNUMBER(SEARCH("КВН",'8 (Отряд)'!$H$1:$H$1812))+ISNUMBER(SEARCH("КВН-Т",'8 (Отряд)'!$H$1:$H$1812))+ISNUMBER(SEARCH("ПВХ-1",'8 (Отряд)'!$H$1:$H$1812))+ISNUMBER(SEARCH("ПВХ-1Т",'8 (Отряд)'!$H$1:$H$1812))+ISNUMBER(SEARCH("ПВХ-3",'8 (Отряд)'!$H$1:$H$1812))+ISNUMBER(SEARCH("ПВХ-3Т",'8 (Отряд)'!$H$1:$H$1812))+ISNUMBER(SEARCH("Бумеранг-10 (День)",'8 (Отряд)'!$H$1:$H$1812))+ISNUMBER(SEARCH("Бумеранг-10 (Ночь)",'8 (Отряд)'!$H$1:$H$1812))+ISNUMBER(SEARCH("ПВХ-5",'8 (Отряд)'!$H$1:$H$1812))+ISNUMBER(SEARCH("ПВХ-5Т",'8 (Отряд)'!$H$1:$H$1812)))>0)*('8 (Отряд)'!$M$1:$M$1812="уничтожение")*('8 (Отряд)'!$N$1:$N$1812="уничтожено"))} -> 0 | G36: {=SUMPRODUCT(('8 (Отряд)'!C1:C1812="огневая позиция")*((ISNUMBER(SEARCH("Молния-2",'8 (Отряд)'!H1:H1812))+ISNUMBER(SEARCH("Молния-2ДТ",'8 (Отряд)'!H1:H1812))+ISNUMBER(SEARCH("Утка Д",'8 (Отряд)'!H1:H1812))+ISNUMBER(SEARCH("Утка Н",'8 (Отряд)'!H1:H1812))+ISNUMBER(SEARCH("Ш-10",'8 (Отряд)'!H1:H1812))+ISNUMBER(SEARCH("Х-51",'8 (Отряд)'!H1:H1812))+ISNUMBER(SEARCH("Х-52",'8 (Отряд)'!H1:H1812))+ISNUMBER(SEARCH("Скальпель",'8 (Отряд)'!H1:H1812)))>0)*('8 (Отряд)'!M1:M1812="уничтожение")*('8 (Отряд)'!N1:N1812="уничтожено"))} -> 0 | I36: =G36+E36 -> 0
A37: пункт временной дислокации | E37: {=SUMPRODUCT(('8 (Отряд)'!$C$1:$C$1812=A37)*((ISNUMBER(SEARCH("КВН",'8 (Отряд)'!$H$1:$H$1812))+ISNUMBER(SEARCH("КВН-Т",'8 (Отряд)'!$H$1:$H$1812))+ISNUMBER(SEARCH("ПВХ-1",'8 (Отряд)'!$H$1:$H$1812))+ISNUMBER(SEARCH("ПВХ-1Т",'8 (Отряд)'!$H$1:$H$1812))+ISNUMBER(SEARCH("ПВХ-3",'8 (Отряд)'!$H$1:$H$1812))+ISNUMBER(SEARCH("ПВХ-3Т",'8 (Отряд)'!$H$1:$H$1812))+ISNUMBER(SEARCH("Бумеранг-10 (День)",'8 (Отряд)'!$H$1:$H$1812))+ISNUMBER(SEARCH("Бумеранг-10 (Ночь)",'8 (Отряд)'!$H$1:$H$1812))+ISNUMBER(SEARCH("ПВХ-5",'8 (Отряд)'!$H$1:$H$1812))+ISNUMBER(SEARCH("ПВХ-5Т",'8 (Отряд)'!$H$1:$H$1812)))>0)*('8 (Отряд)'!$M$1:$M$1812="уничтожение")*('8 (Отряд)'!$N$1:$N$1812="уничтожено"))} -> 0 | G37: {=SUMPRODUCT(('8 (Отряд)'!C1:C1812="пункт временной дислокации")*((ISNUMBER(SEARCH("Молния-2",'8 (Отряд)'!H1:H1812))+ISNUMBER(SEARCH("Молния-2ДТ",'8 (Отряд)'!H1:H1812))+ISNUMBER(SEARCH("Утка Д",'8 (Отряд)'!H1:H1812))+ISNUMBER(SEARCH("Утка Н",'8 (Отряд)'!H1:H1812))+ISNUMBER(SEARCH("Ш-10",'8 (Отряд)'!H1:H1812))+ISNUMBER(SEARCH("Х-51",'8 (Отряд)'!H1:H1812))+ISNUMBER(SEARCH("Х-52",'8 (Отряд)'!H1:H1812))+ISNUMBER(SEARCH("Скальпель",'8 (Отряд)'!H1:H1812)))>0)*('8 (Отряд)'!M1:M1812="уничтожение")*('8 (Отряд)'!N1:N1812="уничтожено"))} -> 0 | I37: =G37+E37 -> 0
A38: инженерное сооружение | E38: {=SUMPRODUCT(('8 (Отряд)'!$C$1:$C$1812=A38)*((ISNUMBER(SEARCH("КВН",'8 (Отряд)'!$H$1:$H$1812))+ISNUMBER(SEARCH("КВН-Т",'8 (Отряд)'!$H$1:$H$1812))+ISNUMBER(SEARCH("ПВХ-1",'8 (Отряд)'!$H$1:$H$1812))+ISNUMBER(SEARCH("ПВХ-1Т",'8 (Отряд)'!$H$1:$H$1812))+ISNUMBER(SEARCH("ПВХ-3",'8 (Отряд)'!$H$1:$H$1812))+ISNUMBER(SEARCH("ПВХ-3Т",'8 (Отряд)'!$H$1:$H$1812))+ISNUMBER(SEARCH("Бумеранг-10 (День)",'8 (Отряд)'!$H$1:$H$1812))+ISNUMBER(SEARCH("Бумеранг-10 (Ночь)",'8 (Отряд)'!$H$1:$H$1812))+ISNUMBER(SEARCH("ПВХ-5",'8 (Отряд)'!$H$1:$H$1812))+ISNUMBER(SEARCH("ПВХ-5Т",'8 (Отряд)'!$H$1:$H$1812)))>0)*('8 (Отряд)'!$M$1:$M$1812="уничтожение")*('8 (Отряд)'!$N$1:$N$1812="уничтожено"))} -> 0 | G38: {=SUMPRODUCT(('8 (Отряд)'!C2:C1813="инженерное сооружение")*((ISNUMBER(SEARCH("Молния-2",'8 (Отряд)'!H2:H1813))+ISNUMBER(SEARCH("Молния-2ДТ",'8 (Отряд)'!H2:H1813))+ISNUMBER(SEARCH("Утка Д",'8 (Отряд)'!H2:H1813))+ISNUMBER(SEARCH("Утка Н",'8 (Отряд)'!H2:H1813))+ISNUMBER(SEARCH("Ш-10",'8 (Отряд)'!H2:H1813))+ISNUMBER(SEARCH("Х-51",'8 (Отряд)'!H2:H1813))+ISNUMBER(SEARCH("Х-52",'8 (Отряд)'!H2:H1813))+ISNUMBER(SEARCH("Скальпель",'8 (Отряд)'!H2:H1813)))>0)*('8 (Отряд)'!M2:M1813="уничтожение")*('8 (Отряд)'!N2:N1813="уничтожено"))} -> 0 | I38: =G38+E38 -> 0
A39: система связи | E39: {=SUMPRODUCT(('8 (Отряд)'!$C$1:$C$1812=A39)*((ISNUMBER(SEARCH("КВН",'8 (Отряд)'!$H$1:$H$1812))+ISNUMBER(SEARCH("КВН-Т",'8 (Отряд)'!$H$1:$H$1812))+ISNUMBER(SEARCH("ПВХ-1",'8 (Отряд)'!$H$1:$H$1812))+ISNUMBER(SEARCH("ПВХ-1Т",'8 (Отряд)'!$H$1:$H$1812))+ISNUMBER(SEARCH("ПВХ-3",'8 (Отряд)'!$H$1:$H$1812))+ISNUMBER(SEARCH("ПВХ-3Т",'8 (Отряд)'!$H$1:$H$1812))+ISNUMBER(SEARCH("Бумеранг-10 (День)",'8 (Отряд)'!$H$1:$H$1812))+ISNUMBER(SEARCH("Бумеранг-10 (Ночь)",'8 (Отряд)'!$H$1:$H$1812))+ISNUMBER(SEARCH("ПВХ-5",'8 (Отряд)'!$H$1:$H$1812))+ISNUMBER(SEARCH("ПВХ-5Т",'8 (Отряд)'!$H$1:$H$1812)))>0)*('8 (Отряд)'!$M$1:$M$1812="уничтожение")*('8 (Отряд)'!$N$1:$N$1812="уничтожено"))} -> 0 | G39: {=SUMPRODUCT(('8 (Отряд)'!C1:C1812="система связи")*((ISNUMBER(SEARCH("Молния-2",'8 (Отряд)'!H1:H1812))+ISNUMBER(SEARCH("Молния-2ДТ",'8 (Отряд)'!H1:H1812))+ISNUMBER(SEARCH("Утка Д",'8 (Отряд)'!H1:H1812))+ISNUMBER(SEARCH("Утка Н",'8 (Отряд)'!H1:H1812))+ISNUMBER(SEARCH("Ш-10",'8 (Отряд)'!H1:H1812))+ISNUMBER(SEARCH("Х-51",'8 (Отряд)'!H1:H1812))+ISNUMBER(SEARCH("Х-52",'8 (Отряд)'!H1:H1812))+ISNUMBER(SEARCH("Скальпель",'8 (Отряд)'!H1:H1812)))>0)*('8 (Отряд)'!M1:M1812="уничтожение")*('8 (Отряд)'!N1:N1812="уничтожено"))} -> 0 | I39: =G39+E39 -> 0
A40: живая сила 200 | E40: {=SUMPRODUCT(('8 (Отряд)'!$C$1:$C$1812=A40)*((ISNUMBER(SEARCH("КВН",'8 (Отряд)'!$H$1:$H$1812))+ISNUMBER(SEARCH("КВН-Т",'8 (Отряд)'!$H$1:$H$1812))+ISNUMBER(SEARCH("ПВХ-1",'8 (Отряд)'!$H$1:$H$1812))+ISNUMBER(SEARCH("ПВХ-1Т",'8 (Отряд)'!$H$1:$H$1812))+ISNUMBER(SEARCH("ПВХ-3",'8 (Отряд)'!$H$1:$H$1812))+ISNUMBER(SEARCH("ПВХ-3Т",'8 (Отряд)'!$H$1:$H$1812))+ISNUMBER(SEARCH("Бумеранг-10 (День)",'8 (Отряд)'!$H$1:$H$1812))+ISNUMBER(SEARCH("Бумеранг-10 (Ночь)",'8 (Отряд)'!$H$1:$H$1812))+ISNUMBER(SEARCH("ПВХ-5",'8 (Отряд)'!$H$1:$H$1812))+ISNUMBER(SEARCH("ПВХ-5Т",'8 (Отряд)'!$H$1:$H$1812)))>0)*('8 (Отряд)'!$M$1:$M$1812="уничтожение")*('8 (Отряд)'!$N$1:$N$1812="уничтожено"))} -> 0 | G40: {=SUMPRODUCT(('8 (Отряд)'!C1:C1812="живая сила 200")*((ISNUMBER(SEARCH("Молния-2",'8 (Отряд)'!H1:H1812))+ISNUMBER(SEARCH("Молния-2ДТ",'8 (Отряд)'!H1:H1812))+ISNUMBER(SEARCH("Утка Д",'8 (Отряд)'!H1:H1812))+ISNUMBER(SEARCH("Утка Н",'8 (Отряд)'!H1:H1812))+ISNUMBER(SEARCH("Ш-10",'8 (Отряд)'!H1:H1812))+ISNUMBER(SEARCH("Х-51",'8 (Отряд)'!H1:H1812))+ISNUMBER(SEARCH("Х-52",'8 (Отряд)'!H1:H1812))+ISNUMBER(SEARCH("Скальпель",'8 (Отряд)'!H1:H1812)))>0)*('8 (Отряд)'!M1:M1812="уничтожение")*('8 (Отряд)'!N1:N1812="уничтожено"))} -> 0 | I40: =G40+E40 -> 0
A41: живая сила 300 | E41: {=SUMPRODUCT(('8 (Отряд)'!$C$1:$C$1812=A41)*((ISNUMBER(SEARCH("КВН",'8 (Отряд)'!$H$1:$H$1812))+ISNUMBER(SEARCH("КВН-Т",'8 (Отряд)'!$H$1:$H$1812))+ISNUMBER(SEARCH("ПВХ-1",'8 (Отряд)'!$H$1:$H$1812))+ISNUMBER(SEARCH("ПВХ-1Т",'8 (Отряд)'!$H$1:$H$1812))+ISNUMBER(SEARCH("ПВХ-3",'8 (Отряд)'!$H$1:$H$1812))+ISNUMBER(SEARCH("ПВХ-3Т",'8 (Отряд)'!$H$1:$H$1812))+ISNUMBER(SEARCH("Бумеранг-10 (День)",'8 (Отряд)'!$H$1:$H$1812))+ISNUMBER(SEARCH("Бумеранг-10 (Ночь)",'8 (Отряд)'!$H$1:$H$1812))+ISNUMBER(SEARCH("ПВХ-5",'8 (Отряд)'!$H$1:$H$1812))+ISNUMBER(SEARCH("ПВХ-5Т",'8 (Отряд)'!$H$1:$H$1812)))>0)*('8 (Отряд)'!$M$1:$M$1812="уничтожение")*('8 (Отряд)'!$N$1:$N$1812="уничтожено"))} -> 0 | G41: {=SUMPRODUCT(('8 (Отряд)'!C1:C1812="живая сила 300")*((ISNUMBER(SEARCH("Молния-2",'8 (Отряд)'!H1:H1812))+ISNUMBER(SEARCH("Молния-2ДТ",'8 (Отряд)'!H1:H1812))+ISNUMBER(SEARCH("Утка Д",'8 (Отряд)'!H1:H1812))+ISNUMBER(SEARCH("Утка Н",'8 (Отряд)'!H1:H1812))+ISNUMBER(SEARCH("Ш-10",'8 (Отряд)'!H1:H1812))+ISNUMBER(SEARCH("Х-51",'8 (Отряд)'!H1:H1812))+ISNUMBER(SEARCH("Х-52",'8 (Отряд)'!H1:H1812))+ISNUMBER(SEARCH("Скальпель",'8 (Отряд)'!H1:H1812)))>0)*('8 (Отряд)'!M1:M1812="уничтожение")*('8 (Отряд)'!N1:N1812="уничтожено"))} -> 0 | I41: =G41+E41 -> 0
A42: средства жизнеобеспечения | E42: {=SUMPRODUCT(('8 (Отряд)'!$C$1:$C$1812=A42)*((ISNUMBER(SEARCH("КВН",'8 (Отряд)'!$H$1:$H$1812))+ISNUMBER(SEARCH("КВН-Т",'8 (Отряд)'!$H$1:$H$1812))+ISNUMBER(SEARCH("ПВХ-1",'8 (Отряд)'!$H$1:$H$1812))+ISNUMBER(SEARCH("ПВХ-1Т",'8 (Отряд)'!$H$1:$H$1812))+ISNUMBER(SEARCH("ПВХ-3",'8 (Отряд)'!$H$1:$H$1812))+ISNUMBER(SEARCH("ПВХ-3Т",'8 (Отряд)'!$H$1:$H$1812))+ISNUMBER(SEARCH("Бумеранг-10 (День)",'8 (Отряд)'!$H$1:$H$1812))+ISNUMBER(SEARCH("Бумеранг-10 (Ночь)",'8 (Отряд)'!$H$1:$H$1812))+ISNUMBER(SEARCH("ПВХ-5",'8 (Отряд)'!$H$1:$H$1812))+ISNUMBER(SEARCH("ПВХ-5Т",'8 (Отряд)'!$H$1:$H$1812)))>0)*('8 (Отряд)'!$M$1:$M$1812="уничтожение")*('8 (Отряд)'!$N$1:$N$1812="уничтожено"))} -> 0 | G42: {=SUMPRODUCT(('8 (Отряд)'!C1:C1812="средства жизнеобеспечения")*((ISNUMBER(SEARCH("Молния-2",'8 (Отряд)'!H1:H1812))+ISNUMBER(SEARCH("Молния-2ДТ",'8 (Отряд)'!H1:H1812))+ISNUMBER(SEARCH("Утка Д",'8 (Отряд)'!H1:H1812))+ISNUMBER(SEARCH("Утка Н",'8 (Отряд)'!H1:H1812))+ISNUMBER(SEARCH("Ш-10",'8 (Отряд)'!H1:H1812))+ISNUMBER(SEARCH("Х-51",'8 (Отряд)'!H1:H1812))+ISNUMBER(SEARCH("Х-52",'8 (Отряд)'!H1:H1812))+ISNUMBER(SEARCH("Скальпель",'8 (Отряд)'!H1:H1812)))>0)*('8 (Отряд)'!M1:M1812="уничтожение")*('8 (Отряд)'!N1:N1812="уничтожено"))} -> 0 | I42: =G42+E42 -> 0
A43: огневые средства | E43: {=SUMPRODUCT(('8 (Отряд)'!$C$1:$C$1812=A43)*((ISNUMBER(SEARCH("КВН",'8 (Отряд)'!$H$1:$H$1812))+ISNUMBER(SEARCH("КВН-Т",'8 (Отряд)'!$H$1:$H$1812))+ISNUMBER(SEARCH("ПВХ-1",'8 (Отряд)'!$H$1:$H$1812))+ISNUMBER(SEARCH("ПВХ-1Т",'8 (Отряд)'!$H$1:$H$1812))+ISNUMBER(SEARCH("ПВХ-3",'8 (Отряд)'!$H$1:$H$1812))+ISNUMBER(SEARCH("ПВХ-3Т",'8 (Отряд)'!$H$1:$H$1812))+ISNUMBER(SEARCH("Бумеранг-10 (День)",'8 (Отряд)'!$H$1:$H$1812))+ISNUMBER(SEARCH("Бумеранг-10 (Ночь)",'8 (Отряд)'!$H$1:$H$1812))+ISNUMBER(SEARCH("ПВХ-5",'8 (Отряд)'!$H$1:$H$1812))+ISNUMBER(SEARCH("ПВХ-5Т",'8 (Отряд)'!$H$1:$H$1812)))>0)*('8 (Отряд)'!$M$1:$M$1812="уничтожение")*('8 (Отряд)'!$N$1:$N$1812="уничтожено"))} -> 0 | G43: {=SUMPRODUCT(('8 (Отряд)'!C1:C1812="огневые средства")*((ISNUMBER(SEARCH("Молния-2",'8 (Отряд)'!H1:H1812))+ISNUMBER(SEARCH("Молния-2ДТ",'8 (Отряд)'!H1:H1812))+ISNUMBER(SEARCH("Утка Д",'8 (Отряд)'!H1:H1812))+ISNUMBER(SEARCH("Утка Н",'8 (Отряд)'!H1:H1812))+ISNUMBER(SEARCH("Ш-10",'8 (Отряд)'!H1:H1812))+ISNUMBER(SEARCH("Х-51",'8 (Отряд)'!H1:H1812))+ISNUMBER(SEARCH("Х-52",'8 (Отряд)'!H1:H1812))+ISNUMBER(SEARCH("Скальпель",'8 (Отряд)'!H1:H1812)))>0)*('8 (Отряд)'!M1:M1812="уничтожение")*('8 (Отряд)'!N1:N1812="уничтожено"))} -> 0 | I43: =G43+E43 -> 0
A44: макет | E44: {=SUMPRODUCT(('8 (Отряд)'!$C$1:$C$1812=A44)*((ISNUMBER(SEARCH("КВН",'8 (Отряд)'!$H$1:$H$1812))+ISNUMBER(SEARCH("КВН-Т",'8 (Отряд)'!$H$1:$H$1812))+ISNUMBER(SEARCH("ПВХ-1",'8 (Отряд)'!$H$1:$H$1812))+ISNUMBER(SEARCH("ПВХ-1Т",'8 (Отряд)'!$H$1:$H$1812))+ISNUMBER(SEARCH("ПВХ-3",'8 (Отряд)'!$H$1:$H$1812))+ISNUMBER(SEARCH("ПВХ-3Т",'8 (Отряд)'!$H$1:$H$1812))+ISNUMBER(SEARCH("Бумеранг-10 (День)",'8 (Отряд)'!$H$1:$H$1812))+ISNUMBER(SEARCH("Бумеранг-10 (Ночь)",'8 (Отряд)'!$H$1:$H$1812))+ISNUMBER(SEARCH("ПВХ-5",'8 (Отряд)'!$H$1:$H$1812))+ISNUMBER(SEARCH("ПВХ-5Т",'8 (Отряд)'!$H$1:$H$1812)))>0)*('8 (Отряд)'!$M$1:$M$1812="уничтожение")*('8 (Отряд)'!$N$1:$N$1812="уничтожено"))} -> 0 | G44: {=SUMPRODUCT(('8 (Отряд)'!C1:C1812="макет")*((ISNUMBER(SEARCH("Молния-2",'8 (Отряд)'!H1:H1812))+ISNUMBER(SEARCH("Молния-2ДТ",'8 (Отряд)'!H1:H1812))+ISNUMBER(SEARCH("Утка Д",'8 (Отряд)'!H1:H1812))+ISNUMBER(SEARCH("Утка Н",'8 (Отряд)'!H1:H1812))+ISNUMBER(SEARCH("Ш-10",'8 (Отряд)'!H1:H1812))+ISNUMBER(SEARCH("Х-51",'8 (Отряд)'!H1:H1812))+ISNUMBER(SEARCH("Х-52",'8 (Отряд)'!H1:H1812))+ISNUMBER(SEARCH("Скальпель",'8 (Отряд)'!H1:H1812)))>0)*('8 (Отряд)'!M1:M1812="уничтожение")*('8 (Отряд)'!N1:N1812="уничтожено"))} -> 0 | I44: =G44+E44 -> 0
A45: системой РЭБ "черный глаз" подавлено | I45: ='8 (Отряд)'!I4 -> 0
B47: 3. Расход средств поражения:
B48: Дроны: | D48: кол-во | F48: Боеприпасы: | H48: кол-во
B49: ='Нетрогать '!E4 -> КВН | D49: =SUMIF('8 (Отряд)'!$H$1:$H$1812,'Нетрогать '!E4,'8 (Отряд)'!$I$1:$I$1812) -> 0 | F49: ='Нетрогать '!G4 -> КОФЗБЧ-5 | H49: =SUMIF('8 (Отряд)'!$J$1:$J$1982,'Нетрогать '!G4,'8 (Отряд)'!$K$1:$K$1982) -> 0
B50: ='Нетрогать '!E5 -> КВН-Т | D50: =SUMIF('8 (Отряд)'!$H$1:$H$1812,'Нетрогать '!E5,'8 (Отряд)'!$I$1:$I$1812) -> 0 | F50: ='Нетрогать '!G5 -> КОФЗБЧ-4 | H50: =SUMIF('8 (Отряд)'!$J$1:$J$1982,'Нетрогать '!G5,'8 (Отряд)'!$K$1:$K$1982) -> 0
B51: ='Нетрогать '!E6 -> ПВХ-1 | D51: =SUMIF('8 (Отряд)'!$H$1:$H$1812,'Нетрогать '!E6,'8 (Отряд)'!$I$1:$I$1812) -> 0 | F51: ='Нетрогать '!G6 -> КОФЗБЧ-3 | H51: =SUMIF('8 (Отряд)'!$J$1:$J$1982,'Нетрогать '!G6,'8 (Отряд)'!$K$1:$K$1982) -> 0
B52: ='Нетрогать '!E7 -> ПВХ-1Т | D52: =SUMIF('8 (Отряд)'!$H$1:$H$1812,'Нетрогать '!E7,'8 (Отряд)'!$I$1:$I$1812) -> 0 | F52: ='Нетрогать '!G7 -> КОФЗБЧ-1.8 | H52: =SUMIF('8 (Отряд)'!$J$1:$J$1982,'Нетрогать '!G7,'8 (Отряд)'!$K$1:$K$1982) -> 0
B53: ='Нетрогать '!E8 -> ПВХ-1 Сумрак | D53: =SUMIF('8 (Отряд)'!$H$1:$H$1812,'Нетрогать '!E8,'8 (Отряд)'!$I$1:$I$1812) -> 0 | F53: ='Нетрогать '!G8 -> КОФБЧ-5 | H53: =SUMIF('8 (Отряд)'!$J$1:$J$1982,'Нетрогать '!G8,'8 (Отряд)'!$K$1:$K$1982) -> 0
B54: ='Нетрогать '!E9 -> ПВХ-3 | D54: =SUMIF('8 (Отряд)'!$H$1:$H$1812,'Нетрогать '!E9,'8 (Отряд)'!$I$1:$I$1812) -> 0 | F54: ='Нетрогать '!G9 -> КОЗБЧ-3 | H54: =SUMIF('8 (Отряд)'!$J$1:$J$1982,'Нетрогать '!G9,'8 (Отряд)'!$K$1:$K$1982) -> 0
B55: ='Нетрогать '!E10 -> ПВХ-3Т | D55: =SUMIF('8 (Отряд)'!$H$1:$H$1812,'Нетрогать '!E10,'8 (Отряд)'!$I$1:$I$1812) -> 0 | F55: ='Нетрогать '!G10 -> КПТМ-3А | H55: =SUMIF('8 (Отряд)'!$J$1:$J$1982,'Нетрогать '!G10,'8 (Отряд)'!$K$1:$K$1982) -> 0
B56: ='Нетрогать '!E11 -> Бумеранг-10 (День) | D56: =SUMIF('8 (Отряд)'!$H$1:$H$1812,'Нетрогать '!E11,'8 (Отряд)'!$I$1:$I$1812) -> 0 | F56: ='Нетрогать '!G11 -> КПТМ-3 | H56: =SUMIF('8 (Отряд)'!$J$1:$J$1982,'Нетрогать '!G11,'8 (Отряд)'!$K$1:$K$1982) -> 0
B57: ='Нетрогать '!E12 -> Бумеранг-10 (Ночь) | D57: =SUMIF('8 (Отряд)'!$H$1:$H$1812,'Нетрогать '!E12,'8 (Отряд)'!$I$1:$I$1812) -> 0 | F57: ='Нетрогать '!G12 -> ОФБЧ-5 | H57: =SUMIF('8 (Отряд)'!$J$1:$J$1982,'Нетрогать '!G12,'8 (Отряд)'!$K$1:$K$1982) -> 0
B58: ='Нетрогать '!E13 -> ПВХ-5 | D58: =SUMIF('8 (Отряд)'!$H$1:$H$1812,'Нетрогать '!E13,'8 (Отряд)'!$I$1:$I$1812) -> 0 | F58: ='Нетрогать '!G13 -> ОФБЧ-3 | H58: =SUMIF('8 (Отряд)'!$J$1:$J$1982,'Нетрогать '!G13,'8 (Отряд)'!$K$1:$K$1982) -> 0
B59: ='Нетрогать '!E14 -> ПВХ-5Т | D59: =SUMIF('8 (Отряд)'!$H$1:$H$1812,'Нетрогать '!E14,'8 (Отряд)'!$I$1:$I$1812) -> 0 | F59: ='Нетрогать '!G14 -> ОФБЧ-2 | H59: =SUMIF('8 (Отряд)'!$J$1:$J$1982,'Нетрогать '!G14,'8 (Отряд)'!$K$1:$K$1982) -> 0
B60: ='Нетрогать '!E15 -> Молния-2 | D60: =SUMIF('8 (Отряд)'!$H$1:$H$1812,'Нетрогать '!E15,'8 (Отряд)'!$I$1:$I$1812) -> 0 | F60: ='Нетрогать '!G15 -> ОФСП-2.5 | H60: =SUMIF('8 (Отряд)'!$J$1:$J$1982,'Нетрогать '!G15,'8 (Отряд)'!$K$1:$K$1982) -> 0
... B67: ='Нетрогать '!E22 -> Утка Н | D67: =SUMIF('8 (Отряд)'!$H$1:$H$1812,'Нетрогать '!E22,'8 (Отряд)'!$I$1:$I$1812) -> 0 | F67: ='Нетрогать '!G22 -> ПГ-7С | H67: =SUMIF('8 (Отряд)'!$J$1:$J$1982,'Нетрогать '!G22,'8 (Отряд)'!$K$1:$K$1982) -> 0
F68: ='Нетрогать '!G23 -> ПТМ-3 | H68: =SUMIF('8 (Отряд)'!$J$1:$J$1982,'Нетрогать '!G23,'8 (Отряд)'!$K$1:$K$1982) -> 0
F69: ='Нетрогать '!G24 -> ПТМ-1 | H69: =SUMIF('8 (Отряд)'!$J$1:$J$1982,'Нетрогать '!G24,'8 (Отряд)'!$K$1:$K$1982) -> 0
F70: ='Нетрогать '!G25 -> ПОМ-2 | H70: =SUMIF('8 (Отряд)'!$J$1:$J$1982,'Нетрогать '!G25,'8 (Отряд)'!$K$1:$K$1982) -> 0
F71: ='Нетрогать '!G26 -> ТМ-62 | H71: =SUMIF('8 (Отряд)'!$J$1:$J$1982,'Нетрогать '!G26,'8 (Отряд)'!$K$1:$K$1982) -> 0
F72: ='Нетрогать '!G27 -> ТМ-72 | H72: =SUMIF('8 (Отряд)'!$J$1:$J$1982,'Нетрогать '!G27,'8 (Отряд)'!$K$1:$K$1982) -> 0
F73: ='Нетрогать '!G28 -> С8Ком | H73: =SUMIF('8 (Отряд)'!$J$1:$J$1982,'Нетрогать '!G28,'8 (Отряд)'!$K$1:$K$1982) -> 0
F74: ='Нетрогать '!G29 -> КЗ-6 | H74: =SUMIF('8 (Отряд)'!$J$1:$J$1982,'Нетрогать '!G29,'8 (Отряд)'!$K$1:$K$1982) -> 0
F75: ='Нетрогать '!G30 -> СВУ | H75: =SUMIF('8 (Отряд)'!$J$1:$J$1982,'Нетрогать '!G30,'8 (Отряд)'!$K$1:$K$1982) -> 0
F76: ='Нетрогать '!G31 -> ПГ-16 | H76: =SUMIF('8 (Отряд)'!$J$1:$J$1982,'Нетрогать '!G31,'8 (Отряд)'!$K$1:$K$1982) -> 0
F77: ='Нетрогать '!G32 -> ПГ-16В | H77: =SUMIF('8 (Отряд)'!$J$1:$J$1982,'Нетрогать '!G32,'8 (Отряд)'!$K$1:$K$1982) -> 0
F78: ='Нетрогать '!G33 -> ПТАБ | H78: =SUMIF('8 (Отряд)'!$J$1:$J$1982,'Нетрогать '!G33,'8 (Отряд)'!$K$1:$K$1982) -> 0
F79: ='Нетрогать '!G34 -> ПТАБ-2 | H79: =SUMIF('8 (Отряд)'!$J$1:$J$1982,'Нетрогать '!G34,'8 (Отряд)'!$K$1:$K$1982) -> 0
... F102: ='Нетрогать '!G57 -> ОФСП-0,5 | H102: =SUMIF('8 (Отряд)'!$J$1:$J$1982,'Нетрогать '!G57,'8 (Отряд)'!$K$1:$K$1982) -> 0
B104: Командир отряда "Рубикон-8"
B105: Капитан
F106: В.Стройков

Sheet 8 (Отряд)
A1: В полосе ответственности 2 ОА
A2: № п/п | B2: Время | C2: Характер цели | D2: уточнение | E2: координаты уничтоженой цели | G2: Ближайший н.п (уничтоженой цели) | H2: Тип дрона и расход | I2: кол-во дронов | J2: Вид БП и расход | K2: кол-во бп | L2: Вид взрывателя и расход | M2: цель применения | N2: Результат применения | O2: В чьих интересах
E3: Х | F3: У
A4: 0 | B4: 6:30-6:30 | C4: БпЛА | D4: FPV К.Т. FPV С.Т. | H4: ЧГ | M4: подавление | N4: успешно | O4: 2 ОА
A5: 1 | O5: 2 ОА
A6: 2 | O6: 2 ОА
A7: 3 | O7: 2 ОА
A8: 4 | O8: 2 ОА
A9: 5 | O9: 2 ОА
A10: 6 | O10: 2 ОА
A11: 7 | O11: 2 ОА
A12: 8 | O12: 2 ОА
A13: 9 | O13: 2 ОА
A14: 10 | O14: 2 ОА
A15: 11 | O15: 2 ОА
A16: 12 | O16: 2 ОА
... A304: 300 | O304: 2 ОА
A1772: 4 | B1772: F | C1772: 6166559923 | D1772: 32 | E1772: 4 | F1772: 13 | G1772: Молния-2ДТ | H1772: КОЗБЧ-5 | I1772: УДЗ | J1772: Патрулирование | K1772: 45903 | L1772: - | M1772: - | N1772: true | O1772: - | P1772: - | Q1772: Межова | R1772: 0.56041667
B1773: 13:37 | C1773: Патрулирование | D1773: ПВД | E1773: 1212123 | F1773: 2323234 | G1773: Межова | H1773: Молния-2 | I1773: 1 | J1773: КОЗБЧ-5 | K1773: 1 | L1773: УдивДД+МД5М | M1773: уничтожение | N1773: поражено | O1773: 2 ОА | P1773: Космос | Q1773: 33
B1774: 13:42 | C1774: Патрулирование | D1774: ПВД | E1774: 1212123 | F1774: 2121321 | G1774: Межова | H1774: Утка Н | I1774: 1 | J1774: КОЗБЧ-5 | K1774: 1 | L1774: УдивДД | M1774: уничтожение | N1774: поражено | O1774: 2 ОА | P1774: Космос | Q1774: 35

Sheet ИТОГО
B2: Красноармейское тактическое направление | E2: Суточная эфективность: | H2: =(F29+F30+F31+F32+F33+F34+F35+F36+F37+F38+F39+F40+F41+F42+F43)/(F7+F8+F9+F10+F11+F12+F13+F14+F15+F16+F17+F18+F19+F20+F21) -> #DIV/0! | N2: Внимание!!! В первую очередь перенеси данные со вчерашнего донесения
E3: Суммарная эфективность: | H3: ='Эффективность (...) дроны'!B52 -> 0.35684307 | N3: данные вписывать обязательно.Используются в подсчетах
N4: накопительная таблица за вчерашний день. Копировать и вставить со вчерашней | Q4: суммарная эфективность за вчерашний день.
B5: 1. Поражено: | E5: 2. Итого применено: | H5: 4. Накопительная таблица
B6: за сутки | E6: за сутки | H6: С 08:00 19.06.25 по 08:00 | I6: =главная!G4 -> 04.09.2025г.
B7: =главная!A13 -> танк | C7: =главная!I13 -> 0 | E7: =главная!B49 -> КВН | F7: =главная!D49 -> 0 | H7: танк | I7: =O7+C7 -> 2 | N7: =H7 -> танк | O7: 2 | Q7: На листе "Сумарно" вписать: 1. В верхнем столбце вписать количество примененных дронов(Итого примененно) 2. В нижнем столбце вписать количество успешных дронов. Таблица автоматически считает и выводит на лист Итого в Сумарную эффективность.
B8: =главная!A14 -> самоходное артиллерийское орудие | C8: =главная!I14 -> 0 | E8: =главная!B50 -> КВН-Т | F8: =главная!D50 -> 0 | H8: самоходное артиллерийское орудие | I8: =O8+C8 -> 0 | N8: =H8 -> самоходное артиллерийское орудие
B9: =главная!A15 -> буксируемое артиллерийское орудие | C9: =главная!I15 -> 0 | E9: =главная!B51 -> ПВХ-1 | F9: =главная!D51 -> 0 | H9: буксируемое артиллерийское орудие | I9: =O9+C9 -> 6 | N9: =H9 -> буксируемое артиллерийское орудие | O9: 6
B10: =главная!A16 -> РСЗО | C10: =главная!I16 -> 0 | E10: =главная!B52 -> ПВХ-1Т | F10: =главная!D52 -> 0 | H10: РСЗО | I10: =O10+C10 -> 0 | N10: =H10 -> РСЗО
B11: =главная!A17 -> миномет | C11: =главная!I17 -> 0 | E11: =главная!B53 -> ПВХ-1 Сумрак | F11: =главная!D53 -> 0 | H11: миномет | I11: =O11+C11 -> 1 | N11: =H11 -> миномет | O11: 1
B12: =главная!A18 -> ПТРК | C12: =главная!I18 -> 0 | E12: =главная!B54 -> ПВХ-3 | F12: =главная!D54 -> 0 | H12: ПТРК | I12: =O12+C12 -> 0 | N12: =H12 -> ПТРК
B13: =главная!A19 -> зенитная установка | C13: =главная!I19 -> 0 | E13: =главная!B55 -> ПВХ-3Т | F13: =главная!D55 -> 0 | H13: зенитная установка | I13: =O13+C13 -> 0 | N13: =H13 -> зенитная установка
B14: =главная!A20 -> боевая машина пехоты | C14: =главная!I20 -> 0 | E14: =главная!B56 -> Бумеранг-10 (День) | F14: =главная!D56 -> 0 | H14: боевая машина пехоты | I14: =O14+C14 -> 1 | N14: =H14 -> боевая машина пехоты | O14: 1
B15: =главная!A21 -> бронетранспортер | C15: =главная!I21 -> 0 | E15: =главная!B57 -> Бумеранг-10 (Ночь) | F15: =главная!D57 -> 0 | H15: бронетранспортер | I15: =O15+C15 -> 1 | N15: =H15 -> бронетранспортер | O15: 1
B16: =главная!A22 -> боевая бронированная машина | C16: =главная!I22 -> 0 | E16: =главная!B58 -> ПВХ-5 | F16: =главная!D58 -> 0 | H16: боевая бронированная машина | I16: =O16+C16 -> 12 | N16: =H16 -> боевая бронированная машина | O16: 12
B17: =главная!A23 -> РЛС | C17: =главная!I23 -> 0 | E17: =главная!B59 -> ПВХ-5Т | F17: =главная!D59 -> 0 | H17: РЛС | I17: =O17+C17 -> 2 | N17: =H17 -> РЛС | O17: 2
B18: =главная!A24 -> РЭР | C18: =главная!I24 -> 0 | E18: =главная!B60 -> Молния-2 | F18: =главная!D60 -> 0 | H18: РЭР | I18: =O18+C18 -> 0 | N18: =H18 -> РЭР
B19: =главная!A25 -> РЭБ | C19: =главная!I25 -> 0 | E19: =главная!B61 -> Молния-2ДТ | F19: =главная!D61 -> 0 | H19: РЭБ | I19: =O19+C19 -> 0 | N19: =H19 -> РЭБ
B20: =главная!A26 -> автомобильная техника | C20: =главная!I26 -> 0 | E20: =главная!B62 -> Ш-10 | F20: =главная!D62 -> 0 | H20: автомобильная техника | I20: =O20+C20 -> 143 | N20: =H20 -> автомобильная техника | O20: 143
B21: =главная!A27 -> мототехника | C21: =главная!I27 -> 0 | E21: =главная!B63 -> Х-51 | F21: =главная!D63 -> 0 | H21: мототехника | I21: =O21+C21 -> 1 | N21: =H21 -> мототехника | O21: 1
B22: =главная!A28 -> инженерная техника | C22: =главная!I28 -> 0 | E22: =главная!B64 -> Х-52 | F22: =главная!D64 -> 0 | H22: инженерная техника | I22: =O22+C22 -> 5 | N22: =H22 -> инженерная техника | O22: 5
B23: =главная!A29 -> ПУ БпЛА | C23: =главная!I29 -> 0 | E23: =главная!B65 -> Скальпель | F23: =главная!D65 -> 0 | H23: ПУ БпЛА | I23: =O23+C23 -> 95 | N23: =H23 -> ПУ БпЛА | O23: 95
B24: =главная!A30 -> БпЛА | C24: =главная!I30 -> 0 | E24: =главная!B66 -> Утка Д | F24: =главная!D66 -> 0 | H24: БпЛА | I24: =O24+C24 -> 42 | N24: =H24 -> БпЛА | O24: 42
B25: =главная!A31 -> Наземные дроны | C25: =главная!I31 -> 0 | E25: =главная!B67 -> Утка Н | F25: =главная!D67 -> 0 | H25: Наземные дроны | I25: =O25+C25 -> 5 | N25: =H25 -> Наземные дроны | O25: 5
B26: =главная!A32 -> Баба Яга | C26: =главная!I32 -> 0 | H26: Баба Яга | I26: =O26+C26 -> 100 | N26: =H26 -> Баба Яга | O26: 100
B27: =главная!A33 -> пункт управления | C27: =главная!I33 -> 0 | E27: 3. Успешные применения: | H27: пункт управления | I27: =O27+C27 -> 0 | N27: =H27 -> пункт управления
B28: =главная!A34 -> склад БК | C28: =главная!I34 -> 0 | E28: за сутки | H28: склад БК | I28: =O28+C28 -> 11 | N28: =H28 -> склад БК | O28: 11
B29: =главная!A35 -> склад ГСМ | C29: =главная!I35 -> 0 | E29: =главная!B49 -> КВН | F29: =SUMIFS('8 (Отряд)'!$I$1:$I$1812,'8 (Отряд)'!$H$1:$H$1812,"КВН",'8 (Отряд)'!$M$1:$M$1812,"уничтожение",'8 (Отряд)'!$N$1:$N$1812,"уничтожено")+SUMIFS('8 (Отряд)'!$I$1:$I$1812,'8 (Отряд)'!$H$1:$H$1812,"КВН",'8 (Отряд)'!$M$1:$M$1812,"уничтожение",'8 (Отряд)'!$N$1:$N$1812,"поражено") -> 0 | H29: склад ГСМ | I29: =O29+C29 -> 0 | N29: =H29 -> склад ГСМ
B30: =главная!A36 -> огневая позиция | C30: =главная!I36 -> 0 | E30: =главная!B50 -> КВН-Т | F30: =SUMIFS('8 (Отряд)'!$I$1:$I$1812,'8 (Отряд)'!$H$1:$H$1812,"КВН-Т",'8 (Отряд)'!$M$1:$M$1812,"уничтожение",'8 (Отряд)'!$N$1:$N$1812,"уничтожено")+SUMIFS('8 (Отряд)'!$I$1:$I$1812,'8 (Отряд)'!$H$1:$H$1812,"КВН-Т",'8 (Отряд)'!$M$1:$M$1812,"уничтожение",'8 (Отряд)'!$N$1:$N$1812,"поражено") -> 0 | H30: огневая позиция | I30: =O30+C30 -> 27 | N30: =H30 -> огневая позиция | O30: 27
B31: =главная!A37 -> пункт временной дислокации | C31: =главная!I37 -> 0 | E31: =главная!B51 -> ПВХ-1 | F31: =SUMIFS('8 (Отряд)'!$I$1:$I$1812,'8 (Отряд)'!$H$1:$H$1812,"ПВХ-1",'8 (Отряд)'!$M$1:$M$1812,"уничтожение",'8 (Отряд)'!$N$1:$N$1812,"уничтожено")+SUMIFS('8 (Отряд)'!$I$1:$I$1812,'8 (Отряд)'!$H$1:$H$1812,"ПВХ-1",'8 (Отряд)'!$M$1:$M$1812,"уничтожение",'8 (Отряд)'!$N$1:$N$1812,"поражено") -> 0 | H31: пункт временной дислокации | I31: =O31+C31 -> 189 | N31: =H31 -> пункт временной дислокации | O31: 189
B32: =главная!A38 -> инженерное сооружение | C32: =главная!I38 -> 0 | E32: =главная!B52 -> ПВХ-1Т | F32: =SUMIFS('8 (Отряд)'!$I$1:$I$1812,'8 (Отряд)'!$H$1:$H$1812,"ПВХ-1Т",'8 (Отряд)'!$M$1:$M$1812,"уничтожение",'8 (Отряд)'!$N$1:$N$1812,"уничтожено")+SUMIFS('8 (Отряд)'!$I$1:$I$1812,'8 (Отряд)'!$H$1:$H$1812,"ПВХ-1Т",'8 (Отряд)'!$M$1:$M$1812,"уничтожение",'8 (Отряд)'!$N$1:$N$1812,"поражено") -> 0 | H32: инженерное сооружение | I32: =O32+C32 -> 3 | N32: =H32 -> инженерное сооружение | O32: 3
B33: =главная!A39 -> система связи | C33: =главная!I39 -> 0 | E33: =главная!B53 -> ПВХ-1 Сумрак | F33: =SUMIFS('8 (Отряд)'!$I$1:$I$1812,'8 (Отряд)'!$H$1:$H$1812,"ПВХ-1 Сумрак",'8 (Отряд)'!$M$1:$M$1812,"уничтожение",'8 (Отряд)'!$N$1:$N$1812,"уничтожено")+SUMIFS('8 (Отряд)'!$I$1:$I$1812,'8 (Отряд)'!$H$1:$H$1812,"ПВХ-1 Сумрак",'8 (Отряд)'!$M$1:$M$1812,"уничтожение",'8 (Отряд)'!$N$1:$N$1812,"поражено") -> 0 | H33: система связи | I33: =O33+C33 -> 156 | N33: =H33 -> система связи | O33: 156
B34: =главная!A40 -> живая сила 200 | C34: =главная!I40 -> 0 | E34: =главная!B54 -> ПВХ-3 | F34: =SUMIFS('8 (Отряд)'!$I$1:$I$1812,'8 (Отряд)'!$H$1:$H$1812,"ПВХ-3",'8 (Отряд)'!$M$1:$M$1812,"уничтожение",'8 (Отряд)'!$N$1:$N$1812,"уничтожено")+SUMIFS('8 (Отряд)'!$I$1:$I$1812,'8 (Отряд)'!$H$1:$H$1812,"ПВХ-3",'8 (Отряд)'!$M$1:$M$1812,"уничтожение",'8 (Отряд)'!$N$1:$N$1812,"поражено") -> 0 | H34: живая сила 200 | I34: =O34+C34 -> 9 | N34: =H34 -> живая сила 200 | O34: 9
B35: =главная!A41 -> живая сила 300 | C35: =главная!I41 -> 0 | E35: =главная!B55 -> ПВХ-3Т | F35: =SUMIFS('8 (Отряд)'!$I$1:$I$1812,'8 (Отряд)'!$H$1:$H$1812,"ПВХ-3Т",'8 (Отряд)'!$M$1:$M$1812,"уничтожение",'8 (Отряд)'!$N$1:$N$1812,"уничтожено")+SUMIFS('8 (Отряд)'!$I$1:$I$1812,'8 (Отряд)'!$H$1:$H$1812,"ПВХ-3Т",'8 (Отряд)'!$M$1:$M$1812,"уничтожение",'8 (Отряд)'!$N$1:$N$1812,"поражено") -> 0 | H35: живая сила 300 | I35: =O35+C35 -> 22 | N35: =H35 -> живая сила 300 | O35: 22
B36: =главная!A42 -> средства жизнеобеспечения | C36: =главная!I42 -> 0 | E36: =главная!B56 -> Бумеранг-10 (День) | F36: =SUMIFS('8 (Отряд)'!$I$1:$I$1812,'8 (Отряд)'!$H$1:$H$1812,"Бумеранг-10 (День)",'8 (Отряд)'!$M$1:$M$1812,"уничтожение",'8 (Отряд)'!$N$1:$N$1812,"уничтожено")+SUMIFS('8 (Отряд)'!$I$1:$I$1812,'8 (Отряд)'!$H$1:$H$1812,"Бумеранг-10 (День)",'8 (Отряд)'!$M$1:$M$1812,"уничтожение",'8 (Отряд)'!$N$1:$N$1812,"поражено") -> 0 | H36: средства жизнеобеспечения | I36: =O36+C36 -> 19 | N36: =H36 -> средства жизнеобеспечения | O36: 19
B37: =главная!A43 -> огневые средства | C37: =главная!I43 -> 0 | E37: =главная!B57 -> Бумеранг-10 (Ночь) | F37: =SUMIFS('8 (Отряд)'!$I$1:$I$1812,'8 (Отряд)'!$H$1:$H$1812,"Бумеранг-10 (Ночь)",'8 (Отряд)'!$M$1:$M$1812,"уничтожение",'8 (Отряд)'!$N$1:$N$1812,"уничтожено")+SUMIFS('8 (Отряд)'!$I$1:$I$1812,'8 (Отряд)'!$H$1:$H$1812,"Бумеранг-10 (Ночь)",'8 (Отряд)'!$M$1:$M$1812,"уничтожение",'8 (Отряд)'!$N$1:$N$1812,"поражено") -> 0 | H37: огневые средства | I37: =O37+C37 -> 0 | N37: =H37 -> огневые средства
B38: =главная!A44 -> макет | C38: =главная!I44 -> 0 | E38: =главная!B58 -> ПВХ-5 | F38: =SUMIFS('8 (Отряд)'!$I$1:$I$1812,'8 (Отряд)'!$H$1:$H$1812,"ПВХ-5",'8 (Отряд)'!$M$1:$M$1812,"уничтожение",'8 (Отряд)'!$N$1:$N$1812,"уничтожено")+SUMIFS('8 (Отряд)'!$I$1:$I$1812,'8 (Отряд)'!$H$1:$H$1812,"ПВХ-5",'8 (Отряд)'!$M$1:$M$1812,"уничтожение",'8 (Отряд)'!$N$1:$N$1812,"поражено") -> 0 | H38: макет | I38: =O38+C38 -> 3 | N38: =H38 -> макет | O38: 3
B39: =главная!A45 -> системой РЭБ "черный глаз" подавлено | C39: =главная!I45 -> 0 | E39: =главная!B59 -> ПВХ-5Т | F39: =SUMIFS('8 (Отряд)'!$I$1:$I$1812,'8 (Отряд)'!$H$1:$H$1812,"ПВХ-5Т",'8 (Отряд)'!$M$1:$M$1812,"уничтожение",'8 (Отряд)'!$N$1:$N$1812,"уничтожено")+SUMIFS('8 (Отряд)'!$I$1:$I$1812,'8 (Отряд)'!$H$1:$H$1812,"ПВХ-5Т",'8 (Отряд)'!$M$1:$M$1812,"уничтожение",'8 (Отряд)'!$N$1:$N$1812,"поражено") -> 0 | H39: РЭБ "черный глаз" подавлено | I39: =O39+C39 -> 2568 | N39: =H39 -> РЭБ "черный глаз" подавлено | O39: 2568
E40: =главная!B60 -> Молния-2 | F40: =SUMIFS('8 (Отряд)'!$I$1:$I$1812,'8 (Отряд)'!$H$1:$H$1812,"Молния-2",'8 (Отряд)'!$M$1:$M$1812,"уничтожение",'8 (Отряд)'!$N$1:$N$1812,"уничтожено")+SUMIFS('8 (Отряд)'!$I$1:$I$1812,'8 (Отряд)'!$H$1:$H$1812,"Молния-2",'8 (Отряд)'!$M$1:$M$1812,"уничтожение",'8 (Отряд)'!$N$1:$N$1812,"поражено") -> 0
E41: =главная!B61 -> Молния-2ДТ | F41: =SUMIFS('8 (Отряд)'!$I$1:$I$1812,'8 (Отряд)'!$H$1:$H$1812,"Молния-2ДТ",'8 (Отряд)'!$M$1:$M$1812,"уничтожение",'8 (Отряд)'!$N$1:$N$1812,"уничтожено")+SUMIFS('8 (Отряд)'!$I$1:$I$1812,'8 (Отряд)'!$H$1:$H$1812,"Молния-2ДТ",'8 (Отряд)'!$M$1:$M$1812,"уничтожение",'8 (Отряд)'!$N$1:$N$1812,"поражено") -> 0
E42: =главная!B62 -> Ш-10 | F42: =SUMIFS('8 (Отряд)'!$I$1:$I$1812,'8 (Отряд)'!$H$1:$H$1812,"Ш-10",'8 (Отряд)'!$M$1:$M$1812,"уничтожение",'8 (Отряд)'!$N$1:$N$1812,"уничтожено")+SUMIFS('8 (Отряд)'!$I$1:$I$1812,'8 (Отряд)'!$H$1:$H$1812,"Ш-10",'8 (Отряд)'!$M$1:$M$1812,"уничтожение",'8 (Отряд)'!$N$1:$N$1812,"поражено") -> 0
E43: =главная!B63 -> Х-51 | F43: =SUMIFS('8 (Отряд)'!$I$1:$I$1812,'8 (Отряд)'!$H$1:$H$1812,"Х-51",'8 (Отряд)'!$M$1:$M$1812,"уничтожение",'8 (Отряд)'!$N$1:$N$1812,"уничтожено")+SUMIFS('8 (Отряд)'!$I$1:$I$1812,'8 (Отряд)'!$H$1:$H$1812,"Х-51",'8 (Отряд)'!$M$1:$M$1812,"уничтожение",'8 (Отряд)'!$N$1:$N$1812,"поражено") -> 0
E44: =главная!B64 -> Х-52 | F44: =SUMIFS('8 (Отряд)'!$I$1:$I$1812,'8 (Отряд)'!$H$1:$H$1812,"Х-52",'8 (Отряд)'!$M$1:$M$1812,"уничтожение",'8 (Отряд)'!$N$1:$N$1812,"уничтожено")+SUMIFS('8 (Отряд)'!$I$1:$I$1812,'8 (Отряд)'!$H$1:$H$1812,"Х-52",'8 (Отряд)'!$M$1:$M$1812,"уничтожение",'8 (Отряд)'!$N$1:$N$1812,"поражено") -> 0
E45: =главная!B65 -> Скальпель | F45: =SUMIFS('8 (Отряд)'!$I$1:$I$1812,'8 (Отряд)'!$H$1:$H$1812,"Скальпель",'8 (Отряд)'!$M$1:$M$1812,"уничтожение",'8 (Отряд)'!$N$1:$N$1812,"уничтожено")+SUMIFS('8 (Отряд)'!$I$1:$I$1812,'8 (Отряд)'!$H$1:$H$1812,"Скальпель",'8 (Отряд)'!$M$1:$M$1812,"уничтожение",'8 (Отряд)'!$N$1:$N$1812,"поражено") -> 0
E46: =главная!B66 -> Утка Д | F46: =SUMIFS('8 (Отряд)'!$I$1:$I$1812,'8 (Отряд)'!$H$1:$H$1812,"Утка Д",'8 (Отряд)'!$M$1:$M$1812,"уничтожение",'8 (Отряд)'!$N$1:$N$1812,"уничтожено")+SUMIFS('8 (Отряд)'!$I$1:$I$1812,'8 (Отряд)'!$H$1:$H$1812,"Утка Д",'8 (Отряд)'!$M$1:$M$1812,"уничтожение",'8 (Отряд)'!$N$1:$N$1812,"поражено") -> 0
E47: =главная!B67 -> Утка Н | F47: =SUMIFS('8 (Отряд)'!$I$1:$I$1812,'8 (Отряд)'!$H$1:$H$1812,"Утка Н",'8 (Отряд)'!$M$1:$M$1812,"уничтожение",'8 (Отряд)'!$N$1:$N$1812,"уничтожено")+SUMIFS('8 (Отряд)'!$I$1:$I$1812,'8 (Отряд)'!$H$1:$H$1812,"Утка Н",'8 (Отряд)'!$M$1:$M$1812,"уничтожение",'8 (Отряд)'!$N$1:$N$1812,"поражено") -> 0

Sheet Эффективность (...) дроны
A1: Подсчет по донесениям в ГБУ
A2: Всего … | B2: 45827 | C2: 45828 | D2: 45829 | E2: 45830 | F2: 45831 | G2: 45832 | H2: 45833 | I2: 45834 | J2: 45835 | K2: 45836 | L2: 45837 | M2: 45838 | N2: 45839 | O2: 45840 | P2: 45841 | Q2: 45842 | R2: 45843 | S2: 45844 | T2: 45845 | U2: 45846 | V2: 45847 | W2: 45848 | X2: 45849 | Y2: 45850 | Z2: 45851 | AA2: 45852 | AB2: 45853 | AC2: 45854 | AD2: 45855 | AE2: 45856 | AF2: 45857 | AG2: 45858 | AH2: 45859 | AI2: 45860 | AJ2: 45861 | AK2: 45862 | AL2: 45863 | AM2: 45864 | AN2: 45865 | AO2: 45866 | AP2: 45867 | AQ2: 45868 | AR2: 45869 | AS2: 45870 | AT2: 45871 | AU2: 45872 | AV2: 45873 | AW2: 45874 | AX2: 45875 | AY2: 45876 | AZ2: 45877 | BA2: 45878 | BB2: 45879 | BC2: 45880 | BD2: 45881 | BE2: 45882 | BF2: 45883 | BG2: 45884 | BH2: 45885 | BI2: 45886 | BJ2: 45887 | BK2: 45888 | BL2: 45889 | BM2: 45890 | BN2: 45891 | BO2: 45892 | BP2: 45893 | BQ2: 45894 | BR2: 45895 | BS2: 45896 | BT2: 45897 | BU2: 45898 | BV2: 45899 | BW2: 45900 | BX2: 45901 | BY2: 45902 | BZ2: 45903 | CA2: 45904 | CB2: 45905 | CC2: 45906 | CD2: 45907 | CE2: 45908 | CF2: 45909 | CG2: 45910 | CH2: 45911 | CI2: 45912 | CJ2: 45913 | CK2: 45914 | CL2: 45915 | CM2: 45916 | CN2: 45917 | CO2: 45918 | CP2: 45919 | CQ2: 45920 | CR2: 45921 | CS2: 45922 | CT2: 45923 | CU2: 45924 | CV2: 45925 | CW2: 45926 | CX2: 45927 | CY2: 45928 | CZ2: 45929 | DA2: 45930 | DB2: 45931 | DC2: 45932 | DD2: 45933 | DE2: 45934 | DF2: 45935 | DG2: 45936 | DH2: 45937 | DI2: 45938 | DJ2: 45939 | DK2: 45940 | DL2: 45941 | DM2: 45942 | DN2: 45943 | DO2: 45944 | DP2: 45945 | DQ2: 45946 | DR2: 45947 | DS2: 45948 | DT2: 45949 | DU2: 45950 | DV2: 45951 | DW2: 45952 | DX2: 45953 | DY2: 45954 | DZ2: 45955 | EA2: 45956 | EB2: 45957 | EC2: 45958 | ED2: 45959 | EE2: 45960 | EF2: 45961 | EG2: 45962 | EH2: 45963 | EI2: 45964 | EJ2: 45965 | EK2: 45966 | EL2: 45967 | EM2: 45968 | EN2: 45969 | EO2: 45970 | EP2: 45971 | EQ2: 45972 | ER2: 45973 | ES2: 45974 | ET2: 45975 | EU2: 45976
A3: КВН | P3: 1 | Q3: 3 | R3: 2 | S3: 4 | T3: 5 | U3: 5 | V3: 2 | W3: 4 | X3: 6 | Y3: 3 | Z3: 9 | AA3: 5 | AB3: 5 | AC3: 6 | BH3: 4 | BI3: 13 | BJ3: 12 | BK3: 7 | BL3: 11 | BM3: 12 | BN3: 5 | BO3: 6 | BP3: 5 | BQ3: 9 | BR3: 5 | BS3: 6 | BT3: 10 | BU3: 8 | BV3: 11 | BW3: 8 | BX3: 8 | BY3: 8 | BZ3: 6
A4: КВН-Т | V4: 3 | X4: 2 | Y4: 1 | Z4: 2 | AB4: 2 | AC4: 5 | AD4: 2
A5: ПВХ-1 | B5: 12 | C5: 10 | D5: 6 | E5: 36 | F5: 34 | G5: 21 | H5: 26 | I5: 9 | J5: 10 | K5: 31 | L5: 29 | M5: 40 | N5: 29 | O5: 24 | P5: 11 | Q5: 20 | R5: 27 | S5: 30 | T5: 44 | U5: 36 | V5: 34 | W5: 108 | X5: 47 | Y5: 55 | Z5: 61 | AA5: 64 | AB5: 35 | AC5: 74 | AD5: 102 | AE5: 57 | AF5: 48 | AG5: 35 | AH5: 34 | AI5: 11 | AJ5: 46 | AK5: 19 | AL5: 18 | AM5: 43 | AN5: 64 | AO5: 54 | AP5: 75 | AQ5: 73 | AR5: 75 | AS5: 45 | AT5: 36 | AU5: 56 | AV5: 6 | AW5: 35 | AX5: =[3]главная!D51 -> 82 | AY5: 67 | AZ5: 41 | BA5: 70 | BB5: 78 | BC5: 81 | BD5: 70 | BE5: 82 | BF5: 69 | BG5: 102 | BH5: 104 | BI5: 105 | BJ5: 86 | BK5: 56 | BL5: 47 | BM5: 46 | BN5: 105 | BO5: 44 | BP5: 48 | BQ5: 71 | BR5: 65 | BS5: 105 | BT5: 49 | BU5: 56 | BV5: 64 | BW5: 48 | BX5: 39 | BY5: 45 | BZ5: 53
A6: ПВХ-1Т | C6: 1 | D6: 18 | E6: 26 | F6: 17 | G6: 25 | H6: 24 | I6: 18 | J6: 29 | K6: 26 | L6: 20 | M6: 38 | N6: 35 | O6: 25 | P6: 26 | Q6: 31 | R6: 36 | S6: 45 | T6: 51 | U6: 51 | V6: 53 | W6: 51 | X6: 37 | Y6: 40 | Z6: 44 | AA6: 34 | AB6: 35 | AC6: 46 | AD6: 45 | AE6: 55 | AF6: 47 | AG6: 35 | AH6: 34 | AI6: 22 | AJ6: 23 | AK6: 32 | AL6: 30 | AM6: 52 | AN6: 65 | AO6: 74 | AP6: 58 | AQ6: 56 | AR6: 38 | AS6: 46 | AT6: 35 | AU6: 35 | AV6: 6 | AW6: 41 | AX6: =[3]главная!D52 -> 41 | AY6: 47 | AZ6: 38 | BA6: 61 | BB6: 53 | BC6: 67 | BD6: 34 | BE6: 41 | BF6: 48 | BG6: 66 | BH6: 48 | BI6: 75 | BJ6: 55 | BK6: 57 | BL6: 29 | BM6: 51 | BN6: 58 | BO6: 32 | BP6: 37 | BQ6: 42 | BR6: 58 | BS6: 58 | BT6: 67 | BU6: 67 | BV6: 62 | BW6: 58 | BX6: 60 | BY6: 45 | BZ6: 66
A7: ПВХ-1 "Сумрак"
A8: ПВХ-3
A9: ПВХ-3Т
A10: Бумеранг-10 (День) | BF10: 10 | BS10: 4 | BT10: 5 | BU10: 16 | BV10: 8 | BW10: 19 | BX10: 18 | BY10: 1
A11: Бумеранг-10 (Ночь)
A12: ПВХ-5
A13: ПВХ-5Т
A14: Молния-2 | E14: 10 | F14: 10 | G14: 6 | H14: 13 | I14: 19 | J14: 5 | K14: 26 | L14: 21 | M14: 24 | N14: 17 | O14: 21 | P14: 7 | Q14: 8 | R14: 1 | S14: 3 | T14: 9 | U14: 25 | V14: 27 | W14: 18 | X14: 19 | Y14: 19 | Z14: 29 | AA14: 22 | AB14: 8 | AD14: 14 | AE14: 8 | AG14: 6 | AH14: 6 | AI14: 9 | AJ14: 12 | AK14: 20 | AL14: 22 | AM14: 21 | AN14: 17 | AO14: 22 | AP14: 38 | AQ14: 30 | AR14: 26 | AT14: 5 | AX14: 38 | AY14: 8 | AZ14: 31 | BA14: 38 | BB14: 34 | BC14: 33 | BD14: 29 | BE14: 38 | BF14: 24 | BG14: 33 | BH14: 39 | BI14: 40 | BJ14: 25 | BK14: 35 | BL14: 29 | BM14: 19 | BN14: 52 | BO14: 35 | BP14: 30 | BQ14: 45 | BR14: 46 | BS14: 62 | BT14: 35 | BU14: 45 | BV14: 37 | BW14: 38 | BX14: 40 | BY14: 41 | BZ14: 50
A15: Молния-2ДТ | D15: 7 | E15: 5 | F15: 4 | G15: 12 | H15: 21 | I15: 23 | J15: 23 | K15: 24 | L15: 25 | M15: 9 | N15: 23 | O15: 7 | P15: 10 | Q15: 21 | R15: 2 | T15: 4 | U15: 14 | V15: 10 | W15: 11 | X15: 17 | Y15: 29 | Z15: 24 | AA15: 31 | AB15: 13 | AC15: 13 | AD15: 17 | AF15: 16 | AH15: 12 | AI15: 13 | AJ15: 14 | AK15: 20 | AN15: 16 | AP15: 15 | AQ15: 2 | AR15: 16 | AS15: 19 | AT15: 15 | AU15: 11 | AV15: 15 | AY15: 21 | AZ15: 18 | BA15: 21 | BB15: 20 | BC15: 25 | BD15: 18 | BE15: 23 | BF15: 33 | BG15: 24 | BH15: 22 | BI15: 24 | BJ15: 58 | BK15: 36 | BL15: 43 | BM15: 29 | BN15: 17 | BO15: 36 | BP15: 26 | BQ15: 20 | BR15: 24 | BS15: 25 | BT15: 18 | BU15: 35 | BV15: 42 | BW15: 7 | BX15: 30 | BY15: 23 | BZ15: 9
A16: ОСА 10-15
A17: ОСА 10-30
A18: Молния-2 ИИ
A19: Утка Д | Q19: 6 | R19: 20 | S19: 15 | T19: 1 | AB19: 5 | AC19: 13 | AD19: 19 | AF19: 13 | AG19: 2 | AH19: 17 | AI19: 19 | AJ19: 11 | AK19: 15 | AL19: 4 | AP19: 5 | AS19: 11 | AT19: 14 | AU19: 18 | AV19: 3 | AW19: 25 | AX19: 21 | AY19: 10
A20: Утка Н | Q20: 5 | R20: 9 | S20: 10 | T20: 18 | U20: 10 | V20: 17 | AE20: 30 | AF20: 18 | AG20: 9 | AH20: 9 | AI20: 7 | AJ20: 4 | AL20: 6 | AM20: 5 | AN20: 15 | AO20: 17 | AP20: 6 | AQ20: 15 | AR20: 31 | AS20: 7 | AV20: 1 | AY20: 2 | BD20: 2 | BG20: 5 | BY20: 1
A21: X51 | S21: 2 | V21: 1 | X21: 3 | AD21: 1 | AP21: 2 | AQ21: 1 | AS21: 1 | BC21: 2 | BD21: 2 | BF21: 3 | BM21: 1 | BP21: 1 | BR21: 4 | BU21: 1 | BY21: 1
A22: Х52 | AS22: 1 | BA22: 2 | BE22: 3 | BL22: 1 | BM22: 1 | BN22: 1
A23: Всего | B23: =SUM(B3:B22) -> 12 | C23: =SUM(C3:C22) -> 11 | D23: =SUM(D3:D22) -> 31 | E23: =SUM(E3:E22) -> 77 | F23: =SUM(F3:F22) -> 65 | G23: =SUM(G3:G22) -> 64 | H23: =SUM(H3:H22) -> 84 | I23: =SUM(I3:I22) -> 69 | ... EU23: =SUM(EU3:EU22) -> 0
A24: Успешные … | B24: 45827 | C24: 45828 | D24: 45829 | E24: 45830 | F24: 45831 | G24: 45832 | H24: 45833 | I24: 45834 | J24: 45835 | K24: 45836 | L24: 45837 | M24: 45838 | N24: 45839 | O24: 45840 | P24: 45841 | Q24: 45842 | R24: 45843 | S24: 45844 | T24: 45845 | U24: 45846 | V24: 45847 | W24: 45848 | X24: 45849 | Y24: 45850 | Z24: 45851 | AA24: 45852 | AB24: 45853 | AC24: 45854 | AD24: 45855 | AE24: 45856 | AF24: 45857 | AG24: 45858 | AH24: 45859 | AI24: 45860 | AJ24: 45861 | AK24: 45862 | AL24: 45863 | AM24: 45864 | AN24: 45865 | AO24: 45866 | AP24: 45867 | AQ24: 45868 | AR24: 45869 | AS24: 45870 | AT24: 45871 | AU24: 45872 | AV24: 45873 | AW24: 45874 | AX24: 45875 | AY24: 45876 | AZ24: 45877 | BA24: 45878 | BB24: 45879 | BC24: 45880 | BD24: 45881 | BE24: 45882 | BF24: 45883 | BG24: 45884 | BH24: 45885 | BI24: 45886 | BJ24: 45887 | BK24: 45888 | BL24: 45889 | BM24: 45890 | BN24: 45891 | BO24: 45892 | BP24: 45893 | BQ24: 45894 | BR24: 45895 | BS24: 45896 | BT24: 45897 | BU24: 45898 | BV24: 45899 | BW24: 45900 | BX24: 45901 | BY24: 45902 | BZ24: 45903 | CA24: 45904 | CB24: 45905 | CC24: 45906 | CD24: 45907 | CE24: 45908 | CF24: 45909 | CG24: 45910 | CH24: 45911 | CI24: 45912 | CJ24: 45913 | CK24: 45914 | CL24: 45915 | CM24: 45916 | CN24: 45917 | CO24: 45918 | CP24: 45919 | CQ24: 45920 | CR24: 45921 | CS24: 45922 | CT24: 45923 | CU24: 45924 | CV24: 45925 | CW24: 45926 | CX24: 45927 | CY24: 45928 | CZ24: 45929 | DA24: 45930 | DB24: 45931 | DC24: 45932 | DD24: 45933 | DE24: 45934 | DF24: 45935 | DG24: 45936 | DH24: 45937 | DI24: 45938 | DJ24: 45939 | DK24: 45940 | DL24: 45941 | DM24: 45942 | DN24: 45943 | DO24: 45944 | DP24: 45945 | DQ24: 45946 | DR24: 45947 | DS24: 45948 | DT24: 45949 | DU24: 45950 | DV24: 45951 | DW24: 45952 | DX24: 45953 | DY24: 45954 | DZ24: 45955 | EA24: 45956 | EB24: 45957 | EC24: 45958 | ED24: 45959 | EE24: 45960 | EF24: 45961 | EG24: 45962 | EH24: 45963 | EI24: 45964 | EJ24: 45965 | EK24: 45966 | EL24: 45967 | EM24: 45968 | EN24: 45969 | EO24: 45970 | EP24: 45971 | EQ24: 45972 | ER24: 45973 | ES24: 45974 | ET24: 45975 | EU24: 45976
A25: КВН | U25: 1 | W25: 3 | Z25: 2 | BI25: 6 | BJ25: 3 | BK25: 2 | BL25: 3 | BM25: 5 | BN25: 1 | BO25: 3 | BP25: 4 | BR25: 2 | BS25: 1 | BU25: 1 | BV25: 3 | BW25: 2 | BX25: 4 | BY25: 1
A26: КВН-Т | Z26: 1 | AB26: 1
A27: ПВХ-1 | C27: 2 | D27: 1 | E27: 3 | F27: 4 | G27: 1 | H27: 3 | J27: 1 | L27: 2 | M27: 1 | N27: 2 | O27: 3 | P27: 2 | Q27: 1 | R27: 4 | S27: 6 | T27: 10 | U27: 8 | V27: 4 | W27: 24 | X27: 4 | Y27: 18 | Z27: 16 | AA27: 13 | AB27: 9 | AC27: 17 | AD27: 16 | AE27: 2 | AF27: 4 | AG27: 8 | AH27: 6 | AI27: 1 | AJ27: 1 | AK27: 7 | AL27: 3 | AM27: 12 | AN27: 17 | AO27: 22 | AP27: 26 | AQ27: 30 | AR27: 26 | AS27: 8 | AT27: 12 | AU27: 15 | AV27: 2 | AW27: 7 | AX27: 25 | AY27: 27 | AZ27: 23 | BA27: 28 | BB27: 42 | BC27: 45 | BD27: 30 | BE27: 40 | BF27: 26 | BG27: 44 | BH27: 35 | BI27: 40 | BJ27: 26 | BK27: 25 | BL27: 18 | BM27: 16 | BN27: 43 | BO27: 15 | BP27: 15 | BQ27: 32 | BR27: 33 | BS27: 52 | BT27: 31 | BU27: 23 | BV27: 32 | BW27: 18 | BX27: 12 | BY27: 29 | BZ27: 20
A28: ПВХ-1Т | D28: 10 | E28: 4 | F28: 4 | G28: 2 | H28: 2 | I28: 1 | J28: 5 | K28: 6 | L28: 10 | M28: 9 | N28: 11 | O28: 6 | P28: 7 | Q28: 9 | R28: 18 | S28: 11 | T28: 25 | U28: 16 | V28: 16 | W28: 21 | X28: 16 | Y28: 16 | Z28: 14 | AA28: 15 | AB28: 17 | AC28: 25 | AD28: 18 | AE28: 29 | AF28: 14 | AG28: 27 | AH28: 16 | AI28: 11 | AJ28: 14 | AK28: 5 | AL28: 10 | AM28: 22 | AN28: 20 | AO28: 34 | AP28: 23 | AQ28: 14 | AR28: 6 | AS28: 12 | AT28: 19 | AU28: 8 | AV28: 4 | AW28: 3 | AX28: 16 | AY28: 24 | AZ28: 19 | BA28: 18 | BB28: 31 | BC28: 36 | BD28: 13 | BE28: 24 | BF28: 20 | BG28: 29 | BH28: 24 | BI28: 34 | BJ28: 32 | BK28: 34 | BL28: 13 | BM28: 17 | BN28: 26 | BO28: 12 | BP28: 11 | BQ28: 17 | BR28: 25 | BS28: 28 | BT28: 39 | BU28: 35 | BV28: 30 | BW28: 24 | BX28: 26 | BY28: 11 | BZ28: 31
A29: ПВХ-1 "Сумрак"
A30: ПВХ-3
A31: ПВХ-3Т
A32: Бумеранг-10 (День) | BT32: 1 | BU32: 9 | BV32: 7 | BW32: 11 | BX32: 10
A33: Бумеранг-10 (Ночь)
A34: ПВХ-5
A35: ПВХ-5Т
A36: Молния-2 | E36: 4 | H36: 2 | I36: 2 | J36: 1 | K36: 15 | L36: 4 | M36: 11 | N36: 1 | O36: 7 | S36: 3 | T36: 3 | U36: 8 | V36: 6 | W36: 3 | X36: 4 | Y36: 4 | Z36: 6 | AA36: 7 | AB36: 2 | AD36: 6 | AE36: 1 | AI36: 3 | AJ36: 4 | AK36: 12 | AL36: 11 | AM36: 11 | AN36: 8 | AO36: 12 | AP36: 11 | AQ36: 13 | AR36: 5 | AT36: 1 | AX36: 4 | AY36: 1 | AZ36: 15 | BA36: 11 | BB36: 19 | BC36: 17 | BD36: 11 | BE36: 26 | BF36: 12 | BG36: 15 | BH36: 13 | BI36: 10 | BJ36: 15 | BK36: 12 | BL36: 14 | BM36: 3 | BN36: 23 | BO36: 14 | BP36: 12 | BQ36: 14 | BR36: 16 | BS36: 22 | BT36: 15 | BU36: 17 | BV36: 16 | BW36: 10 | BX36: 18 | BY36: 12 | BZ36: 24
A37: Молния-2ДТ | D37: 7 | E37: 1 | F37: 1 | G37: 2 | H37: 9 | I37: 3 | J37: 11 | K37: 7 | L37: 11 | M37: 1 | N37: 4 | O37: 2 | P37: 3 | Q37: 2 | T37: 1 | U37: 4 | V37: 7 | X37: 7 | Y37: 15 | Z37: 13 | AA37: 12 | AB37: 4 | AC37: 3 | AD37: 10 | AF37: 1 | AH37: 2 | AJ37: 2 | AK37: 11 | AN37: 2 | AP37: 7 | AQ37: 2 | AR37: 8 | AS37: 16 | AT37: 11 | AU37: 9 | AV37: 6 | AY37: 9 | AZ37: 2 | BA37: 12 | BB37: 9 | BC37: 11 | BD37: 6 | BE37: 15 | BF37: 19 | BG37: 6 | BH37: 13 | BI37: 11 | BJ37: 35 | BK37: 13 | BL37: 29 | BM37: 7 | BN37: 3 | BO37: 13 | BP37: 11 | BQ37: 10 | BR37: 9 | BS37: 12 | BT37: 7 | BU37: 8 | BV37: 18 | BW37: 4 | BX37: 9 | BY37: 6 | BZ37: 4
A38: ОСА 10-15
A39: ОСА 10-30
A40: Молния-2 ИИ
A41: Утка Д | Q41: 1 | R41: 1 | S41: 3 | AB41: 2 | AC41: 4 | AD41: 10 | AF41: 2 | AH41: 7 | AI41: 3 | AJ41: 1 | AK41: 5 | AL41: 1 | AP41: 2 | AS41: 4 | AT41: 9 | AU41: 7 | AV41: 1 | AW41: 5 | AX41: 5 | AY41: 4
A42: Утка Н | R42: 1 | S42: 4 | T42: 1 | U42: 4 | V42: 3 | AE42: 14 | AF42: 5 | AJ42: 2 | AL42: 3 | AM42: 2 | AN42: 6 | AO42: 6 | AP42: 1 | AQ42: 3 | AR42: 9 | AS42: 2 | BG42: 5
A43: X51 | AS43: 1 | BC43: 1 | BD43: 2 | BF43: 1 | BR43: 3 | BU43: 1
A44: Х52 | AS44: 1 | BE44: 3
A45: Всего | B45: =SUM(B25:B44) -> 0 | C45: =SUM(C25:C44) -> 2 | D45: =SUM(D25:D44) -> 18 | E45: =SUM(E25:E44) -> 12 | F45: =SUM(F25:F44) -> 9 | G45: =SUM(G25:G44) -> 5 | H45: =SUM(H25:H44) -> 16 | I45: =SUM(I25:I44) -> 6 | ... EW45: =SUM(EW25:EW44) -> 0
A47: Процент суточный | B47: =B45/B23*100% -> 0 | C47: =C45/C23*100% -> 0.18181818 | D47: =D45/D23*100% -> 0.58064516 | E47: =E45/E23*100% -> 0.15584416 | F47: =F45/F23*100% -> 0.13846154 | G47: =G45/G23*100% -> 0.078125 | H47: =H45/H23*100% -> 0.19047619 | I47: =I45/I23*100% -> 0.086956522 | ... EU47: =EU45/EU23*100% -> #DIV/0!
A49: Всего использовано | B49: =SUM(B23:EU23) -> 10960
A50: Всего успешных | B50: =SUM(B45:EU45) -> 3911
A52: Общий % … | B52: =B50/B49*100% -> 0.35684307
A54: ЮГ | B54: Всего использовано | C54: успешно | D54: % эффективности | H54: Огромная просьба не изменять данные в первой таблице, если вы заметели расход дронов помечайте желтым цветом сверху над второй таблице или снизу под первой, будем разбираться в этой ситуации. Подсчет дронов в первой таблице был взят из Итоговых Донесений(мы их распечатываем кажый день).
A56: КВН | B56: =SUM(B3:EU3) -> 214 | C56: =SUM(B25:EU25) -> 47 | D56: =C56/B56*100% -> 0.21962617
A57: КВН-Т | B57: =SUM(B4:EU4) -> 17 | C57: =SUM(B26:EU26) -> 2 | D57: =C57/B57*100% -> 0.11764706
A58: ПВХ-1 | B58: =SUM(B5:EU5) -> 3873 | C58: =SUM(B27:EU27) -> 1229 | D58: =C58/B58*100% -> 0.31732507
A59: ПВХ-1Т | B59: =SUM(B6:EU6) -> 3232 | C59: =SUM(B28:EU28) -> 1304 | D59: =C59/B59*100% -> 0.40346535
A60: ПВХ-1 "Сумрак" | B60: =SUM(B7:EU7) -> 0 | C60: =SUM(B29:EU29) -> 0 | D60: =C60/B60*100% -> #DIV/0!
A61: ПВХ-3 | B61: =SUM(B8:EU8) -> 0 | C61: =SUM(B30:EU30) -> 0 | D61: =C61/B61*100% -> #DIV/0!
A62: ПВХ-3Т | B62: =SUM(B9:EU9) -> 0 | C62: =SUM(B31:EU31) -> 0 | D62: =C62/B62*100% -> #DIV/0!
A63: Бумеранг-10 (День) | B63: =SUM(B10:EU10) -> 81 | C63: =SUM(B32:EU32) -> 38 | D63: =C63/B63*100% -> 0.4691358
A64: Бумеранг-10 (Ночь) | B64: =SUM(B11:EU11) -> 0 | C64: =SUM(B33:EU33) -> 0 | D64: =C64/B64*100% -> #DIV/0!
A65: ПВХ-5 | B65: =SUM(B12:EU12) -> 0 | C65: =SUM(B34:EU34) -> 0 | D65: =C65/B65*100% -> #DIV/0!
A66: ПВХ-5Т | B66: =SUM(B13:EU13) -> 0 | C66: =SUM(B35:EU35) -> 0 | D66: =C66/B66*100% -> #DIV/0!
A67: Молния-2 | B67: =SUM(B14:EU14) -> 1672 | C67: =SUM(B36:EU36) -> 602 | D67: =C67/B67*100% -> 0.36004785
... A75: Х52 | B75: =SUM(B22:EU22) -> 9 | C75: =SUM(B44:EU44) -> 4 | D75: =C75/B75*100% -> 0.44444444

Sheet Справочная информация
B3: Характер цели | C3: Уточнение
B4: танк | C4: Все танки
B5: Самоходная артиллерия | C5: Все самоходно артиллерийские установки
B6: Буксируемая артиллерия | C6: Все буксируемые орудия
B7: РСЗО | C7: Все известные реактивные системы залпового огня. Включая самодельные установки
B8: миномет | C8: Минометы всех калибров
B9: ПТРК | C9: Противотанковые комплексы на колесной или гусеничной базе
B10: Зенитная установка | C10: Все зенитные установки
B11: Боевая машина пехоты | C11: Все модели БМП
B12: бронетранспортёр | C12: Все модели бронетранспортеров
B13: Боевая бронированная машина | C13: Все боевые бронированные машины
B14: РЛС | C14: Все модификации переносных и возимых РЛС
... B35: макет | C35: Макеты

Sheet Уточнения
A2: Минирование
A3: № п/п | B3: Время | C3: Характер цели | D3: уточнение | E3: координгаты уничтоженой цели | G3: Ближайший н.п (Уничтоженой цели) | H3: Тип дрона и расход | I3: кол-во дронов | J3: Вид БП и расход | K3: кол-во бп | L3: Вид взрывателя и расход | M3: цель применения | N3: Результат применения | O3: В чьих интересах
E4: Х | F4: У
A5: 1 | B5: 0.825 | D5: минирование | E5: 5352867 | F5: 7367271 | G5: Покровск | H5: ПВХ-1 | I5: 1 | J5: ПОМ-2 | K5: 1 | M5: минирование | N5: Выполнено | O5: 41 ОА ГрВ "Ц"
N6: (+1 к всего дронов применено)
A7: В случае удачной дитонации мин(нужен Объект.Контроль или снимок)
A8: № п/п | B8: Время | C8: Характер цели | D8: уточнение | E8: координгаты уничтоженой цели | G8: Ближайший н.п (Уничтоженой цели) | H8: Тип дрона и расход | I8: кол-во дронов | J8: Вид БП и расход | K8: кол-во бп | L8: Вид взрывателя и расход | M8: цель применения | N8: Результат применения | O8: В чьих интересах
E9: Х | F9: У
A10: 1 | B10: 0.825 | D10: минирование | E10: 5352867 | F10: 7367271 | G10: Покровск | H10: ПВХ-1 | I10: 1 | J10: ПОМ-2 | K10: 1 | M10: минирование | N10: Успешно | O10: 41 ОА ГрВ "Ц"
N11: (+1 пременения к дронам в странице Итого)
A13: Поражение
A14: 1 вариант при попадание в технику(все движущийся и летающие объекты) или ПВД,Огнвые позиции и тд.(Работа по целям) Пишем Поражения(Поражение - это попадание в цель(не в район цели), но цель уехала или получила незначительный урон)
A16: № п/п | B16: Время | C16: Характер цели | D16: уточнение | E16: координгаты уничтоженой цели | G16: Ближайший н.п (Уничтоженой цели) | H16: Тип дрона и расход | I16: кол-во дронов | J16: Вид БП и расход | K16: кол-во бп | L16: Вид взрывателя и расход | M16: цель применения | N16: Результат применения | O16: В чьих интересах
E17: Х | F17: У
A18: 1 | B18: 0.084722222 | C18: автомобильная техника | D18: Богдан 2351 | H18: ПВХ-1 | I18: 1 | J18: ПГ-7С | K18: 1 | L18: УДЗ | M18: поражение | N18: успешно
A19: 2 | B19: 0.45694444 | C19: пункт временной дислокации | D19: Работа по цели от 162ц | H19: Молния-2 | I19: 1 | J19: КЗ-6 | K19: 2 | L19: ЭДПР | M19: поражение | N19: успешно
A20: 3 | B20: 0.49861111 | C20: пункт временной дислокации | D20: Работа по цели от артилерии | H20: ПВХ-3 | I20: 2 | J20: ПТАБ | K20: 2 | L20: ЭДПР | M20: поражение | N20: успешно
A21: 4 | B21: 0.084722222 | C21: БпЛА | D21: Matrice | H21: ПВХ-1Т | I21: 1 | J21: ПГ-7С | K21: 1 | L21: УДЗ | M21: поражение | N21: успешно
A22: 2 вариант при потери управления, села акб, перехват другим бпла и тд. или недолет до цели(т.е. при поражении цели по которой небыло информации)
A23: № п/п | B23: Время | C23: Характер цели | D23: уточнение | E23: координгаты уничтоженой цели | G23: Ближайший н.п (Уничтоженой цели) | H23: Тип дрона и расход | I23: кол-во дронов | J23: Вид БП и расход | K23: кол-во бп | L23: Вид взрывателя и расход | M23: цель применения | N23: Результат применения | O23: В чьих интересах
E24: Х | F24: У
A25: 1 | B25: 0.49861111 | C25: пункт временной дислокации | D25: недолет до цели | H25: Молния-2ДТ | I25: 2 | J25: КЗ-7 | K25: 3 | L25: ЭДПР | M25: поражение | N25: не успешно
A26: 2 | B26: 0.54027778 | C26: пункт временной дислокации | D26: свободная охота, контроль дороги и другие причины | H26: Молния-2ДТ | I26: 3 | J26: КЗ-8 | K26: 4 | L26: ЭДПР | M26: поражение | N26: не успешно
A27: Добивание происходит при первичном поражении
A28: № п/п | B28: Время | C28: Характер цели | D28: уточнение | E28: координгаты уничтоженой цели | G28: Ближайший н.п (Уничтоженой цели) | H28: Тип дрона и расход | I28: кол-во дронов | J28: Вид БП и расход | K28: кол-во бп | L28: Вид взрывателя и расход | M28: цель применения | N28: Результат применения | O28: В чьих интересах
E29: Х | F29: У
A30: 1 | B30: 0.084722222 | C30: автомобильная техника | D30: Богдан 2351 | H30: ПВХ-1 | I30: 1 | J30: ПГ-7С | K30: 1 | L30: УДЗ | M30: поражение | N30: успешно
A31: 2 | B31: 0.12638889 | C31: автомобильная техника | D31: Богдан 2351 | H31: ПВХ-2 | I31: 2 | J31: ПГ-7С | K31: 2 | L31: УДЗ | M31: добивание | N31: успешно
A32: Но также модет быть и уничтожение при первичном поражении
A33: № п/п | B33: Время | C33: Характер цели | D33: уточнение | E33: координгаты уничтоженой цели | G33: Ближайший н.п (Уничтоженой цели) | H33: Тип дрона и расход | I33: кол-во дронов | J33: Вид БП и расход | K33: кол-во бп | L33: Вид взрывателя и расход | M33: цель применения | N33: Результат применения | O33: В чьих интересах
E34: Х | F34: У
A35: 1 | B35: 0.084722222 | C35: автомобильная техника | D35: Богдан 2351 | H35: ПВХ-1 | I35: 1 | J35: ПГ-7С | K35: 1 | L35: УДЗ | M35: поражение | N35: успешно
A36: 2 | B36: 0.12638889 | C36: автомобильная техника | D36: Богдан 2351 | E36: координаты уничтоженой цели | F36: координаты уничтоженой цели | H36: ПВХ-2 | I36: 2 | J36: ПГ-7С | K36: 2 | L36: УДЗ | M36: уничтожение | N36: успешно
A37: Уничтожение может быть при попадании и уничтожении цели(т.е. с первого раза), но не забывайте про объективный контроль
A38: № п/п | B38: Время | C38: Характер цели | D38: уточнение | E38: координгаты уничтоженой цели | G38: Ближайший н.п (Уничтоженой цели) | H38: Тип дрона и расход | I38: кол-во дронов | J38: Вид БП и расход | K38: кол-во бп | L38: Вид взрывателя и расход | M38: цель применения | N38: Результат применения | O38: В чьих интересах
E39: Х | F39: У
A40: 1 | B40: 0.084722222 | C40: автомобильная техника | D40: Богдан 2350 | E40: координаты уничтоженой цели | F40: координаты уничтоженой цели | H40: ПВХ-1 | I40: 1 | J40: ПГ-7С | K40: 1 | L40: УДЗ | M40: уничтожение | N40: успешно
A41: 2 | B41: 0.12638889 | C41: БпЛА | D41: Баба Яга | E41: координаты уничтоженой цели | F41: координаты уничтоженой цели | H41: ПВХ-2 | I41: 2 | J41: ПГ-7С | K41: 2 | L41: УДЗ | M41: уничтожение | N41: успешно

Sheet Нетрогать 
A2: расчеты | C2: характер | E2: дроны | G2: боеприпасы | I2: подразделения | K2: цель | M2: результат
A3: Столбец1 | C3: Столбец1 | E3: Столбец1 | G3: Столбец1 | I3: Столбец1 | K3: Столбец1 | M3: Столбец1
A4: 0 расчетов | C4: танк | E4: КВН | G4: КОФЗБЧ-5 | I4: FPV К.Т. - | K4: уничтожено | M4: уничтожение
A5: 1 расчет | C5: самоходное артиллерийское орудие | E5: КВН-Т | G5: КОФЗБЧ-4 | I5: FPV С.Т. - | K5: поражено
A6: 2 расчета | C6: буксируемое артиллерийское орудие | E6: ПВХ-1 | G6: КОФЗБЧ-3 | I6: Supercam- | K6: не поражено
A7: 3 расчета | C7: РСЗО | E7: ПВХ-1Т | G7: КОФЗБЧ-1.8 | I7: Скальпель-
A8: 4 расчета | C8: миномет | E8: ПВХ-1 Сумрак | G8: КОФБЧ-5 | I8: Zala-
A9: 5 расчетов | C9: ПТРК | E9: ПВХ-3 | G9: КОЗБЧ-3 | I9: Lancet-
A10: 6 расчетов | C10: зенитная установка | E10: ПВХ-3Т | G10: КПТМ-3А | I10: Черный глаз-
A11: 7 расчетов | C11: боевая машина пехоты | E11: Бумеранг-10 (День) | G11: КПТМ-3 | I11: РЭР-
A12: 8 расчетов | C12: бронетранспортер | E12: Бумеранг-10 (Ночь) | G12: ОФБЧ-5 | I12: ПВО БЯ
A13: 9 расчетов | C13: боевая бронированная машина | E13: ПВХ-5 | G13: ОФБЧ-3 | I13: Орлан-10
A14: 10 расчетов | C14: РЛС | E14: ПВХ-5Т | G14: ОФБЧ-2
A15: 11 расчетов | C15: РЭР | E15: Молния-2 | G15: ОФСП-2.5
A16: 12 расчетов | C16: РЭБ | E16: Молния-2ДТ | G16: ОФСП-1.7
A17: 13 расчетов | C17: автомобильная техника | E17: Ш-10 | G17: ОФСП-0,8
A18: 14 расчетов | C18: мототехника | E18: Х-51 | G18: ТББЧ-2.5
A19: 15 расчетов | C19: инженерная техника | E19: Х-52 | G19: ПГ-7ВС
A20: 16 расчетов | C20: ПУ БпЛА | E20: Скальпель | G20: ПГ-7ВР
A21: 17 расчетов | C21: БпЛА | E21: Утка Д | G21: ПГ-7ВЛ
A22: 18 расчетов | C22: Наземные дроны | E22: Утка Н | G22: ПГ-7С
A23: 19 расчетов | C23: Баба Яга | G23: ПТМ-3
A24: 20 расчетов | C24: пункт управления | G24: ПТМ-1
A25: 21 расчет | C25: склад БК | G25: ПОМ-2
A26: 22 расчета | C26: склад ГСМ | G26: ТМ-62
A27: 23 расчета | C27: огневая позиция | G27: ТМ-72
A28: 24 расчета | C28: пункт временной дислокации | G28: С8Ком
A29: 25 расчетов | C29: инженерное сооружение | G29: КЗ-6
A30: 26 расчетов | C30: система связи | G30: СВУ
A31: 27 расчетов | C31: живая сила 200 | G31: ПГ-16
A32: 28 расчетов | C32: живая сила 300 | G32: ПГ-16В
A33: 29 расчетов | C33: средства жизнеобеспечения | G33: ПТАБ
A34: 30 расчетов | C34: огневые средства | G34: ПТАБ-2
A35: 31 расчет | C35: макет | G35: ПТАБ-2,5 КО
A36: 32 расчета | G36: ПТМС
A37: 33 расчета | G37: ПМН4
A38: 34 расчета | G38: ТББ-3
A39: 35 расчетов | G39: КОЗБЧ-1,8
A40: 36 расчетов | G40: ТБГ-7В
A41: 37 расчетов | G41: ПГ-16С
A42: 38 расчетов | G42: Шипы
A43: 39 расчетов | G43: Зажигалка
A44: 40 расчетов | G44: АТАКА-М
A45: 41 расчет | G45: 9М115(МЕТИС)
A46: 42 расчета | G46: КБ-80
A47: 43 расчета | G47: КОТБЧ-5
... A57: 53 расчета | G57: ОФСП-0,5
A58: 54 расчета
A59: 55 расчетов
A60: 56 расчетов
A61: 57 расчетов
A62: 58 расчетов
A63: 59 расчетов
A64: 60 расчетов
A65: 61 расчетов
A66: 62 расчетов
A67: 63 расчетов
A68: 64 расчетов

Sheet Разделение ячеек
A4: 1 | B4: 0.27222222 | C4: пункт временной дислокации | D4: не определено | E4: 5363720 | F4: 7399139 | G4: Александро-Калиновское | H4: Молния-2 | I4: 1 | J4: КОФЗБЧ-5 | K4: 4 | L4: УДИВ-ДД - 6 шт. | M4: уничтожение | N4: неуспешно | O4: ГрВ "Ц" | R4: Здесь объединение 2х ячеек, при вставке в таблицу будет заниматься 2 ячейки, но засчет этого на одну цель можно записать несколько дронов
H5: Молния-2ДТ | I5: 1 | J5: ПГ-16В | K5: 6 | L5: УДИВ-ДД - 6 шт.
A9: 14 | B9: 0.36388889 | C9: огневая позиция | D9: Блиндаж | E9: 5364462 | F9: 7386292 | G9: Александро-Калиновское | H9: ПВХ-1 | I9: 2 | J9: КОФЗБЧ-4 | K9: 2 | L9: УДЗ - 2 шт. | M9: уничтожение | N9: поражение | O9: ГрВ "Ц" | R9: Тоже самое, но на 3
H10: ПВХ-1 | I10: 2 | J10: КОФЗБЧ-1.8 | K10: 2 | L10: УДЗ - 2 шт. | M10: уничтожение | N10: поражение | O10: ГрВ "Ц"
H11: ПВХ-1 | I11: 1 | J11: КПТМ-3 | K11: 1 | L11: УДЗ - 1 шт. | M11: уничтожение | N11: поражение | O11: ГрВ "Ц"
